department_id,depname,category_name,category_id,x,y
001012,臺大中文,藝術及人文,1,-1.4050539,55.00861
001022,臺大外文,藝術及人文,1,2.3427877,60.004395
001032,臺大歷史,藝術及人文,1,-2.5176191,54.557457
001042,臺大哲學,藝術及人文,1,-2.7274702,53.722622
001052,臺大人類學系,藝術及人文,1,-3.909671,54.84121
001062,臺大圖書資訊,社會科學、新聞學及圖書資訊,2,-13.846929,54.923145
001072,臺大日本語文,藝術及人文,1,0.65985125,56.45734
001082,臺大戲劇,藝術及人文,1,0.6256849,51.227604
001092,臺大數學,自然科學、數學及統計,4,-27.766014,45.968624
001102,臺大物理,自然科學、數學及統計,4,-36.764572,64.80479
001112,臺大化學,自然科學、數學及統計,4,-43.37895,57.111786
001122,臺大地質科學,自然科學、數學及統計,4,-41.50578,48.747864
001132,臺大心理,社會科學、新聞學及圖書資訊,2,-9.838294,54.75308
001142,臺大地理環境,社會科學、新聞學及圖書資訊,2,-7.526918,57.721558
001152,臺大大氣,自然科學、數學及統計,4,-36.83935,66.83341
001162,臺大政治理論,社會科學、新聞學及圖書資訊,2,-1.7965456,58.658005
001172,臺大政治國際關係,社會科學、新聞學及圖書資訊,2,-2.1770408,59.367794
001182,臺大政治公共行政,社會科學、新聞學及圖書資訊,2,-1.6207765,58.305862
001192,臺大經濟,社會科學、新聞學及圖書資訊,2,-19.613953,59.52462
001202,臺大社會,社會科學、新聞學及圖書資訊,2,-7.3169637,58.92984
001212,臺大社會工作,醫藥衛生及社會福利,7,-2.5120993,50.335705
001222,臺大醫學,醫藥衛生及社會福利,7,-23.24101,79.93291
001232,臺大牙醫,醫藥衛生及社會福利,7,-24.658033,76.88775
001242,臺大藥學,醫藥衛生及社會福利,7,-49.538536,56.41157
001252,臺大醫檢暨生技,醫藥衛生及社會福利,7,-48.613594,55.273155
001262,臺大護理學,醫藥衛生及社會福利,7,-55.17525,42.271812
001272,臺大物理治療,醫藥衛生及社會福利,7,-56.96929,49.276104
001282,臺大職能治療,醫藥衛生及社會福利,7,-55.781616,50.160137
001292,臺大土木,工程、製造及營建,6,-30.10814,57.38474
001302,臺大機械工程學,工程、製造及營建,6,-30.469374,66.52437
001312,臺大化工,工程、製造及營建,6,-32.965046,63.60371
001322,臺大工科海洋,工程、製造及營建,6,-30.134117,58.01831
001332,臺大材料科學與工程,工程、製造及營建,6,-31.454285,67.843956
001342,臺大農藝,農業、林業、漁業及獸醫,9,-43.7413,50.73733
001352,臺大生物環境系統,工程、製造及營建,6,-40.627937,49.74366
001362,臺大農業化學,農業、林業、漁業及獸醫,9,-44.540943,54.873203
001372,臺大森林環境資源,農業、林業、漁業及獸醫,9,-42.38617,49.898705
001382,臺大動物科學技術,農業、林業、漁業及獸醫,9,-47.388046,50.219734
001392,臺大農業經濟,農業、林業、漁業及獸醫,9,-14.377101,57.43397
001402,臺大園藝景觀,農業、林業、漁業及獸醫,9,-43.581757,50.74786
001412,臺大獸醫,農業、林業、漁業及獸醫,9,-49.671516,52.214954
001422,臺大生物產業傳播,農業、林業、漁業及獸醫,9,-13.897304,57.630894
001432,臺大生物產業機電,工程、製造及營建,6,-30.026917,58.909378
001442,臺大昆蟲,自然科學、數學及統計,4,-43.556202,48.90134
001452,臺大植物微生物學,農業、林業、漁業及獸醫,9,-42.14048,51.088787
001462,臺大工商管理企管,商業、管理及法律,3,-18.846779,60.59048
001472,臺大工商管理科管,商業、管理及法律,3,-19.278152,62.104805
001482,臺大會計,商業、管理及法律,3,-18.11573,60.058975
001492,臺大財金,商業、管理及法律,3,-18.24186,61.668518
001502,臺大國企,商業、管理及法律,3,-18.301994,61.10522
001512,臺大資管,資訊通訊科技,5,-20.697992,61.629795
001522,臺大公共衛生,醫藥衛生及社會福利,7,-51.64519,47.490334
001532,臺大電機,工程、製造及營建,6,-30.32625,67.733025
001542,臺大資工,資訊通訊科技,5,-26.511,66.20385
001552,臺大法律法學,商業、管理及法律,3,-8.310685,61.181965
001562,臺大法律司法,商業、管理及法律,3,-8.299894,61.26944
001572,臺大法律財經法學,商業、管理及法律,3,-9.225944,61.59381
001582,臺大生命科學,自然科學、數學及統計,4,-46.8059,54.562824
001592,臺大生化科技,自然科學、數學及統計,4,-46.89293,54.850025
001612,臺大醫學(公費),醫藥衛生及社會福利,7,-15.315105,78.62806
002012,臺師教育,教育,0,10.05225,42.98917
002022,臺師教育輔導,社會科學、新聞學及圖書資訊,2,-7.571923,53.07448
002032,臺師社會教育,教育,0,9.40419,42.62229
002042,臺師健康衛生,教育,0,-14.570786,28.86997
002052,臺師人類家庭生活,教育,0,9.915441,32.72382
002062,臺師人類家庭幼兒,教育,0,10.132312,31.681597
002072,臺師人類家庭營養,教育,0,-14.6640415,28.866146
002082,臺師公教活動,教育,0,8.392285,41.46477
002092,臺師特殊教育,教育,0,10.9082575,25.94199
002112,臺師學習科學學程,教育,0,-12.527392,32.333027
002122,臺師國文學,藝術及人文,1,13.429927,44.27592
002132,臺師英語,藝術及人文,1,4.8693047,58.513363
002142,臺師歷史,藝術及人文,1,5.009058,42.02988
002152,臺師地理,社會科學、新聞學及圖書資訊,2,7.7309327,39.750637
002162,臺師臺灣語文,藝術及人文,1,5.337382,40.404915
002172,臺師數學,自然科學、數學及統計,4,-26.304535,41.099598
002182,臺師物理,自然科學、數學及統計,4,-41.68715,27.613396
002192,臺師化學,自然科學、數學及統計,4,-46.768635,34.461025
002202,臺師生命科學,自然科學、數學及統計,4,-48.101353,20.565971
002212,臺師地球,自然科學、數學及統計,4,-36.62627,29.569447
002222,臺師資工,工程、製造及營建,6,-29.299526,36.931427
002232,臺師科技人資發展,教育,0,-12.258273,32.749874
002242,臺師圖文傳播,社會科學、新聞學及圖書資訊,2,4.293068,50.454895
002252,臺師機電工程,工程、製造及營建,6,-39.833908,41.958923
002262,臺師電機,工程、製造及營建,6,-39.831356,41.98669
002272,臺師華語教學華語,藝術及人文,1,8.899718,50.867966
002282,臺師東亞漢學文化,社會科學、新聞學及圖書資訊,2,2.9556096,45.95547
002292,臺師東亞政治經濟,社會科學、新聞學及圖書資訊,2,-11.2209215,34.06993
002302,臺師企業管理,商業、管理及法律,3,-14.149704,41.340908
002312,臺師設計產品設計,藝術及人文,1,15.681393,51.90564
002322,臺師不分系(晨光),其他,8,27.307901,44.704285
002352,臺師設計視覺設計,藝術及人文,1,58.484592,14.955018
002362,臺師美術西畫,藝術及人文,1,60.514114,11.509012
002372,臺師美術國畫,藝術及人文,1,61.64356,11.027427
002382,臺師體育,教育,0,35.639034,10.377343
003012,中興中文,藝術及人文,1,16.044582,39.291584
003022,中興外文,藝術及人文,1,8.852779,58.734528
003032,中興歷史,藝術及人文,1,11.029578,37.002464
003042,中興財金,商業、管理及法律,3,-18.375854,35.905094
003052,中興企業管理,商業、管理及法律,3,-16.190273,38.928646
003062,中興資管,資訊通訊科技,5,-26.035984,32.661274
003072,中興會計,商業、管理及法律,3,-20.70375,36.229603
003082,中興行銷學,商業、管理及法律,3,-17.09805,38.314285
003092,中興法律,商業、管理及法律,3,-6.585826,43.35199
003102,中興應用經濟,社會科學、新聞學及圖書資訊,2,-17.4588,34.049747
003112,中興化學,自然科學、數學及統計,4,-45.64493,33.116142
003122,中興物理一般物理,自然科學、數學及統計,4,-40.994396,30.15592
003132,中興物理光電物理,自然科學、數學及統計,4,-40.75929,31.058626
003142,中興應用數學,自然科學、數學及統計,4,-26.667093,39.961235
003152,中興資科工程,資訊通訊科技,5,-31.524649,37.82968
003162,中興機械工程學,工程、製造及營建,6,-38.35266,36.615437
003172,中興土木,工程、製造及營建,6,-32.803905,27.804123
003182,中興環境工程,工程、製造及營建,6,-33.70434,27.160404
003192,中興電機,工程、製造及營建,6,-35.968243,37.754036
003202,中興化工,工程、製造及營建,6,-43.008835,37.207283
003212,中興材料科學與工程,工程、製造及營建,6,-43.582905,38.05154
003222,中興生物產業機電,工程、製造及營建,6,-40.16811,32.601604
003232,中興水土保持,自然科學、數學及統計,4,-34.808662,25.654737
003242,中興食品應用生科,工程、製造及營建,6,-54.683052,17.067238
003252,中興農藝,農業、林業、漁業及獸醫,9,-41.014973,18.467028
003262,中興園藝,農業、林業、漁業及獸醫,9,-40.889175,19.169981
003272,中興森林學林學,農業、林業、漁業及獸醫,9,-44.974052,16.127022
003282,中興森林木材,農業、林業、漁業及獸醫,9,-45.182903,16.250774
003292,中興植物病理學,農業、林業、漁業及獸醫,9,-41.04213,19.765602
003302,中興昆蟲,自然科學、數學及統計,4,-44.057922,19.866833
003312,中興動物科學,農業、林業、漁業及獸醫,9,-44.41952,21.41804
003322,中興土壤環境,農業、林業、漁業及獸醫,9,-34.80045,24.802933
003332,中興生物科技學程,自然科學、數學及統計,4,-50.015682,21.272652
003342,中興景觀遊憩學程,工程、製造及營建,6,-22.84051,25.562319
003352,中興國際農企,農業、林業、漁業及獸醫,9,-20.342886,25.246641
003362,中興生命科學,自然科學、數學及統計,4,-49.074833,19.924902
003372,中興獸醫,農業、林業、漁業及獸醫,9,-49.517136,51.480213
003382,中興興翼A,其他,8,27.502556,47.17036
003392,中興興翼B,其他,8,-29.182034,19.79425
003402,中興興翼C,其他,8,-32.189198,20.25785
004012,成大中文,藝術及人文,1,14.3608265,43.728172
004022,成大外文,藝術及人文,1,4.3245344,60.04043
004032,成大歷史,藝術及人文,1,4.8359284,42.445248
004042,成大台文,藝術及人文,1,14.494638,39.800297
004052,成大數學,自然科學、數學及統計,4,-27.801016,43.675686
004062,成大物理,自然科學、數學及統計,4,-39.1277,64.993935
004072,成大化學,自然科學、數學及統計,4,-42.10274,56.391773
004082,成大地球,自然科學、數學及統計,4,-37.5527,29.39322
004092,成大光電科學工程,工程、製造及營建,6,-35.64735,58.294174
004102,成大機械工程學,工程、製造及營建,6,-35.254776,56.925224
004112,成大化工,工程、製造及營建,6,-38.945908,55.579338
004122,成大材料科學及工程,工程、製造及營建,6,-38.763355,55.419506
004132,成大資源工程,工程、製造及營建,6,-36.999187,45.891308
004142,成大土木,工程、製造及營建,6,-34.44561,45.579845
004152,成大水利海洋,工程、製造及營建,6,-36.52587,46.89845
004162,成大工科,工程、製造及營建,6,-36.85577,57.638836
004172,成大系統船舶機電,工程、製造及營建,6,-36.445652,39.707195
004182,成大航空太空,工程、製造及營建,6,-36.208588,55.764854
004192,成大環境工程,工程、製造及營建,6,-36.92827,47.512226
004202,成大測量資訊,工程、製造及營建,6,-34.772736,48.039074
004212,成大生物醫學,工程、製造及營建,6,-38.96504,53.085228
004222,成大能源國際學程,工程、製造及營建,6,-34.004505,49.607048
004232,成大工業資管,商業、管理及法律,3,-29.724463,51.279774
004242,成大交通管理,服務,10,-29.36607,49.781044
004252,成大企業管理,商業、管理及法律,3,-15.728195,48.606995
004262,成大統計,自然科學、數學及統計,4,-20.630507,46.771282
004272,成大會計,商業、管理及法律,3,-16.518812,47.7413
004282,成大醫學,醫藥衛生及社會福利,7,-21.589361,80.86781
004292,成大醫檢生技,醫藥衛生及社會福利,7,-52.825356,44.290474
004302,成大護理學,醫藥衛生及社會福利,7,-55.7954,41.15431
004312,成大職能治療,醫藥衛生及社會福利,7,-57.69628,47.22138
004322,成大物理治療,醫藥衛生及社會福利,7,-57.489567,47.52144
004332,成大藥學,醫藥衛生及社會福利,7,-49.820015,56.643497
004342,成大政治,社會科學、新聞學及圖書資訊,2,-1.7826009,44.19162
004352,成大經濟,社會科學、新聞學及圖書資訊,2,-18.743053,43.40735
004362,成大法律,商業、管理及法律,3,-6.791532,46.42287
004372,成大心理,社會科學、新聞學及圖書資訊,2,-9.594013,53.088776
004382,成大電機,工程、製造及營建,6,-29.666485,64.07892
004392,成大資工,資訊通訊科技,5,-27.382843,62.486614
004402,成大建築,工程、製造及營建,6,-26.39982,56.185223
004412,成大都市計劃,工程、製造及營建,6,-33.27324,47.536522
004422,成大工設,藝術及人文,1,-26.609533,55.471554
004432,成大生命科學,自然科學、數學及統計,4,-46.961384,44.8861
004442,成大生物科技產科,自然科學、數學及統計,4,-47.900555,44.297974
004452,成大大一不分系,其他,8,-25.851824,56.777096
004472,成大醫學(公費),醫藥衛生及社會福利,7,-15.9232025,77.5564
004482,成大成星招生甲(文社),其他,8,24.815773,44.933575
004492,成大成星招生乙(管理),其他,8,26.998705,47.3953
004512,成大成星招生丁(工),其他,8,-28.79599,21.525251
004522,成大成星招生戊(生醫),其他,8,-51.890835,34.81169
005012,東吳中文,藝術及人文,1,21.327806,0.28409967
005022,東吳歷史,藝術及人文,1,12.149431,-1.6206814
005032,東吳哲學,藝術及人文,1,15.97776,-0.74506694
005042,東吳政治,社會科學、新聞學及圖書資訊,2,12.070063,2.7024393
005052,東吳社會,社會科學、新聞學及圖書資訊,2,12.993697,2.856741
005062,東吳社會工作,醫藥衛生及社會福利,7,12.591656,12.3857155
005072,東吳英文,藝術及人文,1,-1.5129071,14.555057
005082,東吳日本語文,藝術及人文,1,4.6936364,9.542003
005092,東吳德國文化,藝術及人文,1,-5.8767443,14.127742
005102,東吳數學,自然科學、數學及統計,4,-22.536469,-26.63309
005112,東吳物理,自然科學、數學及統計,4,-47.551125,-32.345943
005122,東吳化學,自然科學、數學及統計,4,-59.394062,-9.27987
005132,東吳微生物應微,自然科學、數學及統計,4,-58.404057,4.042639
005142,東吳微生物生科,自然科學、數學及統計,4,-58.282074,4.0791774
005152,東吳心理,社會科學、新聞學及圖書資訊,2,-7.6798573,24.301617
005162,東吳法律,商業、管理及法律,3,-4.56198,40.508728
005172,東吳經濟,社會科學、新聞學及圖書資訊,2,-14.14221,-1.2240503
005182,東吳會計,商業、管理及法律,3,-14.325291,4.2960963
005192,東吳企業管理,商業、管理及法律,3,-9.752358,3.3747678
005202,東吳國際經貿,商業、管理及法律,3,-11.353175,5.783456
005212,東吳財工精算數學,商業、管理及法律,3,-21.223347,-6.714879
005222,東吳資管,資訊通訊科技,5,-23.427727,-9.079862
005232,東吳巨量資料學程,資訊通訊科技,5,-21.742224,-6.710656
006012,政大中文,藝術及人文,1,13.302617,44.465572
006022,政大歷史,藝術及人文,1,4.230022,43.198555
006032,政大哲學,藝術及人文,1,0.47962236,42.495636
006042,政大教育,教育,0,11.238794,43.63232
006072,政大政治,社會科學、新聞學及圖書資訊,2,-1.9639478,45.183228
006082,政大社會,社會科學、新聞學及圖書資訊,2,-0.72548527,45.961628
006092,政大財政,商業、管理及法律,3,-16.463501,50.32604
006102,政大公共行政,商業、管理及法律,3,-3.9274182,47.25192
006112,政大地政土地資源,商業、管理及法律,3,-10.820444,46.82461
006122,政大地政土地管理,商業、管理及法律,3,-11.004654,46.592075
006132,政大地政土地資訊,商業、管理及法律,3,-11.628354,45.612038
006142,政大經濟,社會科學、新聞學及圖書資訊,2,-18.880394,53.764618
006152,政大民族學,藝術及人文,1,1.9178926,43.753624
006162,政大外交,社會科學、新聞學及圖書資訊,2,0.22134833,58.36648
006172,政大國際經貿,商業、管理及法律,3,-15.688866,54.859478
006182,政大金融,商業、管理及法律,3,-18.253222,56.58031
006192,政大會計,商業、管理及法律,3,-17.102194,58.64085
006202,政大統計,自然科學、數學及統計,4,-20.740332,46.952255
006212,政大企業管理,商業、管理及法律,3,-15.934307,54.752243
006222,政大資管,資訊通訊科技,5,-22.41935,53.1324
006232,政大財務管理,商業、管理及法律,3,-18.325882,56.725056
006242,政大風險管理保險,商業、管理及法律,3,-17.643839,54.54951
006252,政大傳播不分系,社會科學、新聞學及圖書資訊,2,1.2534494,51.212074
006262,政大英國語文,藝術及人文,1,3.3463428,59.664288
006272,政大阿拉伯語文,藝術及人文,1,8.009174,52.14469
006282,政大斯拉夫語,藝術及人文,1,7.335367,53.475594
006292,政大日本語文,藝術及人文,1,2.337279,56.797703
006302,政大韓國語文,藝術及人文,1,2.3941076,52.460552
006312,政大土耳其語,藝術及人文,1,8.383723,51.72496
006322,政大歐洲法文,藝術及人文,1,4.332871,55.571667
006332,政大歐洲德文,藝術及人文,1,4.550105,55.19699
006342,政大歐洲西班牙文,藝術及人文,1,4.4198775,56.266617
006352,政大法律,商業、管理及法律,3,-7.180272,46.90161
006362,政大應用數學,自然科學、數學及統計,4,-25.88118,43.282635
006372,政大心理,社會科學、新聞學及圖書資訊,2,-9.019118,53.38958
006382,政大資科,資訊通訊科技,5,-24.030033,51.00783
006392,政大不分系(政星),其他,8,24.352392,45.98895
007012,高醫醫學,醫藥衛生及社會福利,7,-20.462507,78.955826
007022,高醫運動醫學,醫藥衛生及社會福利,7,-65.44448,23.825027
007032,高醫呼吸治療,醫藥衛生及社會福利,7,-63.631855,32.847027
007042,高醫牙醫,醫藥衛生及社會福利,7,-23.028551,74.521866
007052,高醫口腔衛生,醫藥衛生及社會福利,7,-60.523785,23.699614
007062,高醫藥學,醫藥衛生及社會福利,7,-53.47922,50.72195
007072,高醫香粧品,醫藥衛生及社會福利,7,-55.391426,25.37191
007082,高醫護理學,醫藥衛生及社會福利,7,-66.63084,32.726437
007092,高醫醫檢生技,醫藥衛生及社會福利,7,-57.317234,35.09038
007102,高醫醫學放射,醫藥衛生及社會福利,7,-64.236275,28.553596
007112,高醫公共衛生,醫藥衛生及社會福利,7,-61.854004,16.764284
007122,高醫職能治療,醫藥衛生及社會福利,7,-60.76349,40.17628
007132,高醫物理治療,醫藥衛生及社會福利,7,-60.47068,42.751934
007142,高醫醫管醫療資訊,商業、管理及法律,3,-62.765,19.710323
007152,高醫醫藥應化醫化,自然科學、數學及統計,4,-52.588196,29.01456
007162,高醫醫藥應化應化,自然科學、數學及統計,4,-52.56387,28.943378
007172,高醫生醫環境生物,自然科學、數學及統計,4,-56.456875,19.904413
007182,高醫生物科技學,自然科學、數學及統計,4,-54.019028,21.479599
007192,高醫心理,社會科學、新聞學及圖書資訊,2,-9.532148,26.754261
007202,高醫醫學社會工作,醫藥衛生及社會福利,7,12.107149,13.918802
007212,高醫護理學(公費),醫藥衛生及社會福利,7,41.81456,-2.6330247
007232,高醫不分系（薪B）,其他,8,-52.605305,34.154354
007242,高醫不分系（薪C）,其他,8,-58.265457,-2.8448303
007262,高醫醫學(公費),醫藥衛生及社會福利,7,-16.872965,76.97121
008012,中原應用數學,自然科學、數學及統計,4,-21.205366,-26.70841
008022,中原物理物理,自然科學、數學及統計,4,-47.951603,-30.323263
008032,中原物理光電材料,自然科學、數學及統計,4,-47.235924,-27.500578
008042,中原化學化學,自然科學、數學及統計,4,-58.353844,-8.932815
008052,中原化學材化,自然科學、數學及統計,4,-56.9994,-9.718206
008062,中原心理,社會科學、新聞學及圖書資訊,2,-8.289234,22.984262
008072,中原生物科技學,自然科學、數學及統計,4,-55.133034,3.2243092
008082,中原化工綠能,工程、製造及營建,6,-56.867855,-13.472892
008092,中原化工生化,工程、製造及營建,6,-56.03817,-14.29204
008102,中原化工材料,工程、製造及營建,6,-55.083984,-11.267774
008112,中原土木,工程、製造及營建,6,-33.479683,-27.85873
008122,中原機械工程學,工程、製造及營建,6,-43.721035,-21.609188
008132,中原生物醫學,工程、製造及營建,6,-54.944695,2.533017
008142,中原環境工程,工程、製造及營建,6,-35.02936,-33.0027
008152,中原電資學院,工程、製造及營建,6,-39.574074,-18.850845
008162,中原工業系統工程,工程、製造及營建,6,-28.412766,-33.937885
008172,中原工業系統管理,工程、製造及營建,6,-26.986038,-32.974346
008182,中原電子工程,工程、製造及營建,6,-40.35748,-19.693913
008192,中原資工,工程、製造及營建,6,-35.90799,-12.25654
008202,中原電機,工程、製造及營建,6,-43.45402,-13.567653
008212,中原企管服務,商業、管理及法律,3,-5.767637,-11.30937
008222,中原企管高科技,商業、管理及法律,3,-7.3944445,-9.64566
008232,中原企管工商,商業、管理及法律,3,-6.137034,-11.105868
008242,中原國際經貿,商業、管理及法律,3,-9.431218,-5.8754716
008252,中原會計,商業、管理及法律,3,-16.342358,-5.5341773
008262,中原資管,資訊通訊科技,5,-24.212673,-11.858154
008272,中原財金,商業、管理及法律,3,-12.894449,-6.7447495
008282,中原財經法律,商業、管理及法律,3,7.0457497,-8.274101
008292,中原建築,工程、製造及營建,6,42.167202,31.656301
008302,中原室內設計,藝術及人文,1,41.780342,28.893192
008312,中原商業設計,藝術及人文,1,40.287422,20.381851
008322,中原景觀,工程、製造及營建,6,43.50278,26.308523
008332,中原特殊教育,教育,0,14.525421,22.78672
008342,中原應用外國文,藝術及人文,1,0.9996079,10.583938
008352,中原應用華語,藝術及人文,1,19.578867,-5.875791
009012,東海中文,藝術及人文,1,22.909433,-0.7079949
009022,東海外文,藝術及人文,1,-0.10715949,13.841758
009032,東海歷史,藝術及人文,1,11.411256,-2.5109956
009042,東海日本文化,藝術及人文,1,5.647313,8.211462
009052,東海哲學,藝術及人文,1,16.410255,-2.4612339
009062,東海應用物理,自然科學、數學及統計,4,-47.672337,-32.673073
009072,東海化學化學,自然科學、數學及統計,4,-58.43871,-5.8137484
009082,東海化學化生,自然科學、數學及統計,4,-58.452568,-5.5355353
009092,東海生科醫學,自然科學、數學及統計,4,-53.599106,6.481445
009102,東海生科多樣性,自然科學、數學及統計,4,-53.005272,7.0744777
009112,東海應用數學,自然科學、數學及統計,4,-19.380873,-26.842464
009122,東海化工材工(製能),工程、製造及營建,6,-55.579353,-17.516813
009132,東海化工材工(材工),工程、製造及營建,6,-52.892483,-16.297146
009142,東海化工材工(生工),工程、製造及營建,6,-55.512196,-17.07571
009152,東海工工程經營資訊,工程、製造及營建,6,-26.973888,-32.067883
009162,東海環境科學工程,工程、製造及營建,6,-33.779896,-34.694523
009172,東海資工資電,工程、製造及營建,6,-34.958847,-16.457724
009182,東海資工數位創意,工程、製造及營建,6,-33.614544,-16.50843
009192,東海資工軟工,工程、製造及營建,6,-34.661503,-15.311245
009202,東海電機IC無線通訊,工程、製造及營建,6,-44.319958,-16.216988
009212,東海電機奈米能源技術,工程、製造及營建,6,-44.60967,-16.680834
009222,東海企管(行銷數位),商業、管理及法律,3,-6.3746276,-6.0569825
009232,東海企管(永續服務),商業、管理及法律,3,-5.118607,-5.2483597
009242,東海企管(創業組織),商業、管理及法律,3,-5.1622114,-5.893527
009252,東海國際經貿,商業、管理及法律,3,-9.080007,-3.724799
009262,東海會計,商業、管理及法律,3,-16.323792,-3.9323518
009272,東海財金,商業、管理及法律,3,-13.941566,-7.3074646
009282,東海國際經營(英語),商業、管理及法律,3,-7.1803474,-2.210235
009292,東海統計(資料),自然科學、數學及統計,4,-17.079964,-24.204838
009302,東海統計(決策),自然科學、數學及統計,4,-16.242588,-23.767216
009312,東海資管(物聯網大數據),資訊通訊科技,5,-26.395548,-8.341416
009322,東海資管(數位電子),資訊通訊科技,5,-26.448914,-9.07742
009332,東海經濟一般經濟,社會科學、新聞學及圖書資訊,2,-13.735017,-10.927985
009342,東海經濟產業經濟,社會科學、新聞學及圖書資訊,2,-14.076864,-11.518163
009352,東海政治理論,社會科學、新聞學及圖書資訊,2,11.200585,-6.7876334
009362,東海政治國際關係,社會科學、新聞學及圖書資訊,2,11.601261,-6.7020383
009372,東海行政管理政策,商業、管理及法律,3,10.088302,-6.2087045
009382,東海社會,社會科學、新聞學及圖書資訊,2,13.776139,1.9425694
009392,東海社會工作,醫藥衛生及社會福利,7,14.710915,12.646434
009402,東海畜產生物,農業、林業、漁業及獸醫,9,-52.815083,7.724538
009412,東海食品科學,工程、製造及營建,6,-56.660686,10.812505
009422,東海餐管,服務,10,18.364677,9.16509
009432,東海建築,工程、製造及營建,6,41.585808,32.052635
009442,東海工設,藝術及人文,1,45.527813,21.746267
009452,東海景觀,工程、製造及營建,6,43.318443,26.2821
009472,東海永續科學學程(英語),自然科學、數學及統計,4,-23.951212,-33.088856
009492,東海美術,藝術及人文,1,57.967953,10.302511
011012,清大中文甲(一般),藝術及人文,1,13.145639,45.735157
011022,清大中文乙(華教),藝術及人文,1,13.116408,46.885265
011032,清大外文,藝術及人文,1,4.1300163,58.13294
011042,清大人社學院,藝術及人文,1,0.9293538,45.2665
011052,清大教育科技,教育,0,6.8720737,30.694733
011062,清大幼兒教育,教育,0,8.885881,28.964228
011072,清大教育心諮,社會科學、新聞學及圖書資訊,2,-4.9136205,27.586626
011082,清大特殊教育,教育,0,10.111588,27.87177
011092,清大環境文化資源,自然科學、數學及統計,4,5.6932135,37.436832
011102,清大英語教學,教育,0,8.009741,56.339428
011132,清大經濟,社會科學、新聞學及圖書資訊,2,-19.942873,51.17768
011142,清大科管學士,商業、管理及法律,3,-20.086298,52.202305
011152,清大計量財金,商業、管理及法律,3,-17.596115,52.034847
011162,清大數學系數學,自然科學、數學及統計,4,-27.798874,45.033783
011172,清大數學應數,自然科學、數學及統計,4,-26.058405,44.549084
011182,清大物理物理(一般),自然科學、數學及統計,4,-37.582775,63.783848
011192,清大物理物理(天文),自然科學、數學及統計,4,-37.566147,66.43544
011202,清大物理光電物理,自然科學、數學及統計,4,-37.01029,60.51124
011212,清大化學,自然科學、數學及統計,4,-42.93994,57.239677
011222,清大理學院學士,自然科學、數學及統計,4,-40.106583,61.0032
011232,清大生醫工程環境,工程、製造及營建,6,-37.605843,52.057053
011242,清大工程系統甲,工程、製造及營建,6,-33.905766,53.76775
011252,清大工程系統乙,工程、製造及營建,6,-33.899662,54.820793
011262,清大原子科學,工程、製造及營建,6,-35.28006,53.148155
011272,清大化工,工程、製造及營建,6,-33.142906,63.68996
011282,清大動力機械,工程、製造及營建,6,-34.15053,56.737106
011292,清大材料科學工程,工程、製造及營建,6,-32.438892,62.15392
011302,清大工工與工管,工程、製造及營建,6,-31.850473,52.62051
011312,清大工學院學士,工程、製造及營建,6,-31.222628,62.23269
011322,清大電機甲,工程、製造及營建,6,-28.725897,69.51035
011332,清大電機乙,工程、製造及營建,6,-29.279205,65.29282
011342,清大資工甲(電子資訊),資訊通訊科技,5,-25.591555,62.336514
011352,清大資工乙(資工),資訊通訊科技,5,-26.831287,62.82795
011362,清大電資學院,工程、製造及營建,6,-28.93799,67.80972
011372,清大生命科學,自然科學、數學及統計,4,-45.720997,45.889954
011382,清大醫學科學,醫藥衛生及社會福利,7,-43.806747,45.886063
011392,清大生科學士,自然科學、數學及統計,4,-44.898945,45.986694
011402,清大清華學院丙(創新),其他,8,15.378254,52.228825
011412,清大清華學院丁(領導),其他,8,1.6750484,38.7661
011422,清大清華學院戊(跨領域),其他,8,2.2342904,38.407948
011432,清大旭日甲(人文),其他,8,25.538189,46.682556
011442,清大旭日乙(理工),其他,8,-30.618427,21.616587
011452,清大旭日丙(電資),其他,8,-27.573063,21.31643
011482,清大清華學院乙(美術),其他,8,59.127663,15.183484
011492,清大藝術設計創作,藝術及人文,1,63.55758,8.093541
011502,清大藝術設計設計,藝術及人文,1,63.227917,7.2614527
011522,清大體育,教育,0,38.64172,6.6359158
012012,中醫牙醫,醫藥衛生及社會福利,7,-22.221537,74.06371
012022,中醫醫學,醫藥衛生及社會福利,7,-19.189665,78.2377
012032,中醫中醫甲,醫藥衛生及社會福利,7,-18.481136,73.53605
012042,中醫中醫乙,醫藥衛生及社會福利,7,-18.361092,73.01821
012052,中醫藥學,醫藥衛生及社會福利,7,-52.335087,50.22708
012062,中醫護理學,醫藥衛生及社會福利,7,-67.17817,32.299267
012072,中醫醫檢生技,醫藥衛生及社會福利,7,-58.019283,34.688
012082,中醫營養,自然科學、數學及統計,4,-57.755157,29.396849
012092,中醫物理治療,醫藥衛生及社會福利,7,-61.01531,43.297745
012102,中醫生物科技學,自然科學、數學及統計,4,-54.677296,21.303339
012112,中醫運動醫學,醫藥衛生及社會福利,7,-65.44437,23.846773
012122,中醫中藥資源,醫藥衛生及社會福利,7,-52.756737,25.551569
012132,中醫藥用化妝品,醫藥衛生及社會福利,7,-55.25133,25.426485
012142,中醫生醫放射學,醫藥衛生及社會福利,7,-64.09239,27.773018
012152,中醫護理學(公費),醫藥衛生及社會福利,7,41.312325,-4.671817
012162,中醫公共衛生不分系,醫藥衛生及社會福利,7,-63.04543,15.390968
013012,交大電資學士,工程、製造及營建,6,-27.700916,68.3093
013022,交大奈米工程,工程、製造及營建,6,-35.72113,59.76282
013032,交大電子工程(甲),工程、製造及營建,6,-28.076262,69.25667
013042,交大電子工程(乙),工程、製造及營建,6,-29.119925,65.931755
013052,交大電機(甲),工程、製造及營建,6,-29.766232,70.31667
013062,交大電機(乙),工程、製造及營建,6,-29.767187,65.02506
013072,交大光電工程,工程、製造及營建,6,-33.71528,58.192802
013082,交大資工資電,資訊通訊科技,5,-25.557423,66.41226
013092,交大資工資工,資訊通訊科技,5,-26.449705,65.55589
013102,交大資工網路多媒體,資訊通訊科技,5,-26.416615,63.60432
013112,交大材料科學與工程,工程、製造及營建,6,-32.54124,61.709843
013122,交大機械工程學,工程、製造及營建,6,-34.90165,55.94941
013132,交大土木,工程、製造及營建,6,-34.33469,45.441643
013142,交大理學院學士(乙),其他,8,-41.643013,61.763973
013152,交大理學院學士(丙),其他,8,-41.562447,59.50901
013162,交大理學院學士(丁),其他,8,-39.887115,60.87488
013172,交大電物光電奈米,自然科學、數學及統計,4,-37.47512,60.89921
013182,交大電物電子物理,自然科學、數學及統計,4,-37.591362,63.167294
013192,交大應用化學,自然科學、數學及統計,4,-42.342228,58.375576
013202,交大應用數學,自然科學、數學及統計,4,-26.476414,44.44205
013212,交大生物科技學,自然科學、數學及統計,4,-45.47428,45.30828
013222,交大資管財金資管,商業、管理及法律,3,-23.588211,51.395363
013232,交大資管財金財金,商業、管理及法律,3,-17.476479,51.421684
013242,交大管理科學,商業、管理及法律,3,-20.962494,50.660023
013252,交大運輸物管,服務,10,-29.488716,50.127983
013262,交大工工,工程、製造及營建,6,-31.678732,52.424393
013272,交大外文,藝術及人文,1,6.8565426,58.08306
013282,交大傳播科技,社會科學、新聞學及圖書資訊,2,2.0551133,50.476696
013292,交大人文社會,藝術及人文,1,1.5144781,45.48466
013302,交大旋坤揚帆甲(電機),其他,8,-28.23869,21.314081
013312,交大旋坤揚帆乙(工程),其他,8,-29.395416,22.232815
013322,交大旋坤揚帆丙(理學),其他,8,-31.40331,19.841537
013342,交大旋坤揚帆戊(人社),其他,8,25.053234,44.527023
014012,淡江中文學,藝術及人文,1,21.246809,-0.17856236
014022,淡江歷史,藝術及人文,1,12.862274,-2.512858
014032,淡江資訊圖書館,社會科學、新聞學及圖書資訊,2,4.0803676,-4.5997257
014042,淡江大傳,社會科學、新聞學及圖書資訊,2,-0.3791527,4.0854635
014052,淡江資訊傳播,社會科學、新聞學及圖書資訊,2,-1.9094805,-0.87451595
014062,淡江教育科技,教育,0,0.769469,-5.417301
014072,淡江英文,藝術及人文,1,-1.3288875,14.430296
014082,淡江法國語文學,藝術及人文,1,-3.577062,11.493821
014092,淡江德國語文,藝術及人文,1,-5.0562468,13.226036
014102,淡江西班牙語文,藝術及人文,1,-4.8617525,10.530259
014112,淡江日本語文,藝術及人文,1,5.09293,8.881383
014122,淡江俄文,藝術及人文,1,-5.1962147,8.961019
014132,淡江商管財管,商業、管理及法律,3,-9.965728,-1.0552524
014142,淡江財金,商業、管理及法律,3,-13.612792,1.7713486
014152,淡江產業經濟,社會科學、新聞學及圖書資訊,2,-12.889291,-3.3920395
014162,淡江國企經貿,商業、管理及法律,3,-11.296971,2.9848251
014172,淡江國企國商,商業、管理及法律,3,-9.902939,-1.086093
014182,淡江保險學,商業、管理及法律,3,-4.4248796,-21.534475
014192,淡江經濟,社會科學、新聞學及圖書資訊,2,-13.201601,-2.9497287
014202,淡江會計,商業、管理及法律,3,-14.13271,2.2604544
014212,淡江企業管理,商業、管理及法律,3,-9.53453,2.3346949
014222,淡江統計,自然科學、數學及統計,4,-14.622091,-23.325584
014232,淡江資管,資訊通訊科技,5,-23.900686,-11.100522
014242,淡江運輸管理,服務,10,-10.782163,-14.745074
014252,淡江公共行政,商業、管理及法律,3,8.137883,-5.130922
014262,淡江管理科學(事業),商業、管理及法律,3,-9.839005,-11.244669
014272,淡江管理科學(行銷流通),商業、管理及法律,3,-9.884958,-11.169496
014282,淡江外國際關,社會科學、新聞學及圖書資訊,2,-1.7247112,10.517596
014292,淡江理學院材料學程,自然科學、數學及統計,4,-59.234413,-11.453447
014302,淡江數學數學,自然科學、數學及統計,4,-23.22187,-27.244001
014312,淡江數學資科統計,自然科學、數學及統計,4,-22.035217,-26.320402
014322,淡江化學生物,自然科學、數學及統計,4,-57.37836,-8.127065
014332,淡江化學材料,自然科學、數學及統計,4,-57.109585,-8.826785
014342,淡江物理光電物理,自然科學、數學及統計,4,-47.25806,-28.258135
014352,淡江物理應用物理,自然科學、數學及統計,4,-47.760696,-29.905937
014362,淡江建築,工程、製造及營建,6,42.471115,30.563496
014372,淡江土木工設,工程、製造及營建,6,-33.752575,-28.256136
014382,淡江土木營建,工程、製造及營建,6,-34.691883,-28.212917
014392,淡江資工,資訊通訊科技,5,-36.524574,-13.065335
014402,淡江機械機電整合,工程、製造及營建,6,-39.936855,-28.077925
014412,淡江機械機電精密,工程、製造及營建,6,-39.95087,-28.110773
014422,淡江電機電機資訊,工程、製造及營建,6,-40.298424,-15.745956
014432,淡江電機電機通訊,工程、製造及營建,6,-40.351547,-16.861614
014442,淡江電機電機系統,工程、製造及營建,6,-41.285694,-15.013119
014452,淡江化工材工,工程、製造及營建,6,-55.808304,-12.845097
014462,淡江航空太空,工程、製造及營建,6,-47.627705,-16.07803
014472,淡江水工水資源,工程、製造及營建,6,-32.878082,-32.358723
014482,淡江水工環工,工程、製造及營建,6,-33.12506,-32.390705
014492,淡江資創軟工(蘭陽),資訊通訊科技,5,0.20681648,-28.55369
014502,淡江資創應用資訊(蘭陽),資訊通訊科技,5,0.28677994,-28.467995
014512,淡江國際觀光(蘭陽),服務,10,1.5619739,-23.083511
014522,淡江英美語文學士(蘭陽),藝術及人文,1,1.5673156,-23.031603
014532,淡江全球政經(蘭陽),社會科學、新聞學及圖書資訊,2,1.6703496,-25.604149
015012,逢甲機械電腦,工程、製造及營建,6,-39.14454,-24.1178
015022,逢甲纖維複合材料,工程、製造及營建,6,-31.231173,-35.64387
015032,逢甲工工系統,工程、製造及營建,6,-27.5769,-31.50374
015042,逢甲化工,工程、製造及營建,6,-54.663994,-14.131191
015052,逢甲航太系統,工程、製造及營建,6,-47.617977,-16.079773
015062,逢甲精密系統學程,工程、製造及營建,6,-38.070324,-25.279112
015072,逢甲會計,商業、管理及法律,3,-16.295774,-4.2512393
015082,逢甲國際經貿,商業、管理及法律,3,-8.529283,-3.9339309
015092,逢甲國際經貿國企,商業、管理及法律,3,-7.330801,-2.3564126
015102,逢甲財稅,商業、管理及法律,3,-14.001955,-9.037369
015112,逢甲合作經濟,社會科學、新聞學及圖書資訊,2,-4.5516844,-7.9906635
015122,逢甲統計,自然科學、數學及統計,4,-16.00695,-23.630522
015132,逢甲經濟,社會科學、新聞學及圖書資訊,2,-13.769171,-10.6433935
015142,逢甲企業管理,商業、管理及法律,3,-5.240499,-7.2153506
015152,逢甲行銷學,商業、管理及法律,3,-6.2450147,-6.732556
015162,逢甲應用數學,自然科學、數學及統計,4,-19.829147,-26.841974
015172,逢甲材料科學與工程,工程、製造及營建,6,-52.481476,-16.50958
015182,逢甲環境工程科學,工程、製造及營建,6,-34.264038,-34.618053
015192,逢甲光電學,工程、製造及營建,6,-44.3308,-25.517904
015202,逢甲中文,藝術及人文,1,23.536303,-1.1997073
015212,逢甲外文,藝術及人文,1,1.3006151,11.951732
015222,逢甲資工,資訊通訊科技,5,-35.053787,-14.734266
015232,逢甲電子工程,工程、製造及營建,6,-39.62195,-20.716942
015242,逢甲電機,工程、製造及營建,6,-43.778984,-14.8374
015252,逢甲自動控制工程,工程、製造及營建,6,-38.48765,-23.615503
015262,逢甲資訊電機不分系,工程、製造及營建,6,-38.77916,-20.714478
015272,逢甲通訊工程,工程、製造及營建,6,-38.10734,-23.131916
015282,逢甲土木,工程、製造及營建,6,-33.055847,-27.255655
015292,逢甲水利資源保育,工程、製造及營建,6,-31.685759,-35.54941
015302,逢甲都市空間資訊都市,工程、製造及營建,6,1.0533698,-12.223691
015312,逢甲都市空間資訊空間,工程、製造及營建,6,1.193624,-12.395318
015322,逢甲運輸物流,服務,10,-10.810714,-14.813587
015332,逢甲土地管理,商業、管理及法律,3,-0.19055977,-11.861326
015342,逢甲財金,商業、管理及法律,3,-13.838613,-7.798469
015352,逢甲風險管理保險,商業、管理及法律,3,13.843417,-28.45833
015362,逢甲財工精算學程,商業、管理及法律,3,-16.00629,-21.468157
015372,逢甲建築學士班,工程、製造及營建,6,43.762684,29.519527
015382,逢甲澳洲皇家雙學士,商業、管理及法律,3,-18.610826,-17.14319
015392,逢甲美國普渡電機雙學程,工程、製造及營建,6,-19.958273,-17.647972
015402,逢甲美國聖荷西大數據雙學程,商業、管理及法律,3,-18.955973,-17.282446
016012,中央中文,藝術及人文,1,17.02657,40.403854
016022,中央英美語文,藝術及人文,1,7.9440613,58.290573
016032,中央法國語文學,藝術及人文,1,8.039532,54.104187
016042,中央數學,自然科學、數學及統計,4,-26.537773,41.08227
016052,中央物理,自然科學、數學及統計,4,-39.96683,64.7076
016062,中央化學,自然科學、數學及統計,4,-45.95531,33.59771
016072,中央光電科學工程,工程、製造及營建,6,-34.72728,41.01978
016082,中央土木,工程、製造及營建,6,-32.44266,28.106564
016092,中央機械光機,工程、製造及營建,6,-35.964024,41.352577
016102,中央機械材料精密製造,工程、製造及營建,6,-36.856506,41.49194
016112,中央機械設計分析,工程、製造及營建,6,-37.796223,39.97419
016122,中央化工材工,工程、製造及營建,6,-42.360497,37.5057
016132,中央企業管理,商業、管理及法律,3,-14.718715,40.743195
016142,中央資管,資訊通訊科技,5,-25.836498,34.26186
016152,中央經濟,社會科學、新聞學及圖書資訊,2,-17.711233,42.010944
016162,中央財金,商業、管理及法律,3,-18.99228,49.43845
016172,中央電機,工程、製造及營建,6,-34.10754,40.448223
016182,中央資工,資訊通訊科技,5,-32.556213,40.19732
016192,中央通訊工程,工程、製造及營建,6,-34.445087,36.25713
016202,中央大氣大氣,自然科學、數學及統計,4,-36.15535,30.54788
016212,中央大氣太空,自然科學、數學及統計,4,-36.346478,31.108137
016222,中央地球科學,自然科學、數學及統計,4,-35.381565,30.687593
016232,中央客家語社會,社會科學、新聞學及圖書資訊,2,5.130837,38.239002
016242,中央生命科學,自然科學、數學及統計,4,-48.268253,22.522066
016252,中央生醫工程,工程、製造及營建,6,-50.18678,41.280205
016262,中央向日葵聯招甲,其他,8,-30.55686,20.062998
016272,中央向日葵聯招乙,其他,8,26.166403,44.731136
017012,文化哲學,藝術及人文,1,16.631495,-3.0597703
017022,文化中文文學,藝術及人文,1,22.21759,-3.329075
017032,文化中文文創,藝術及人文,1,20.739727,-2.8532398
017042,文化史學,藝術及人文,1,13.382846,-3.5052755
017052,文化日本語文,藝術及人文,1,7.3064985,5.0884986
017062,文化韓國語文,藝術及人文,1,6.4935164,4.3341336
017072,文化俄文,藝術及人文,1,4.841492,-15.9784775
017082,文化英國語文,藝術及人文,1,3.689722,-20.452248
017092,文化法國語文學,藝術及人文,1,4.8925085,-17.10528
017102,文化德國語文,藝術及人文,1,4.869853,-16.551033
017112,文化應用數學,自然科學、數學及統計,4,-6.940827,-46.494446
017122,文化光電物理,工程、製造及營建,6,-5.912623,-46.45951
017132,文化化學,自然科學、數學及統計,4,50.05017,-23.445314
017142,文化地理,社會科學、新聞學及圖書資訊,2,-0.31138057,-45.4415
017152,文化大氣,自然科學、數學及統計,4,-4.608635,-46.219128
017172,文化生命科學,自然科學、數學及統計,4,-5.7151985,-40.673668
017182,文化法律法學,商業、管理及法律,3,9.670834,-10.3431835
017192,文化法律財經法律,商業、管理及法律,3,9.590433,-10.584431
017202,文化政治,社會科學、新聞學及圖書資訊,2,11.1317005,-9.400618
017212,文化經濟,社會科學、新聞學及圖書資訊,2,-2.1820023,-32.78905
017222,文化勞工關係勞資,社會科學、新聞學及圖書資訊,2,13.177233,-16.472157
017232,文化勞工關係人資,社會科學、新聞學及圖書資訊,2,13.251455,-16.380793
017242,文化社會福利,醫藥衛生及社會福利,7,19.265028,-14.824902
017252,文化行政管理,商業、管理及法律,3,14.4070835,-14.840826
017262,文化園藝生物,農業、林業、漁業及獸醫,9,-2.952152,-41.354904
017272,文化動物科學,農業、林業、漁業及獸醫,9,-4.9433627,-41.22619
017282,文化森林保育,農業、林業、漁業及獸醫,9,-2.618044,-40.830856
017292,文化土地資源,自然科學、數學及統計,4,3.7572448,-41.984856
017302,文化生活應用,服務,10,-2.8599932,-43.160694
017312,文化保健營養,自然科學、數學及統計,4,31.926699,-12.243001
017322,文化化工材工,工程、製造及營建,6,-21.796207,-41.168465
017332,文化電機,工程、製造及營建,6,-18.674364,-41.40784
017342,文化機械工程學,工程、製造及營建,6,-18.856695,-41.74989
017352,文化紡織工程,工程、製造及營建,6,-2.8596337,-47.10244
017362,文化資工,資訊通訊科技,5,-14.6313305,-41.777256
017372,文化國貿,商業、管理及法律,3,4.9089465,-28.598413
017382,文化國企管理,商業、管理及法律,3,4.674237,-28.64057
017392,文化會計,商業、管理及法律,3,-4.2604065,-26.598413
017402,文化觀光事業,服務,10,16.90594,-22.212475
017412,文化資管,資訊通訊科技,5,2.3409212,-33.33515
017422,文化財金行銷,商業、管理及法律,3,-4.0421863,-27.879885
017432,文化財金財金,商業、管理及法律,3,-2.147604,-32.78457
017442,文化全球商務,商業、管理及法律,3,4.6462855,-26.851692
017452,文化新聞,社會科學、新聞學及圖書資訊,2,4.0474644,0.20922635
017462,文化廣告,商業、管理及法律,3,3.313874,-0.9235057
017472,文化資訊傳播,社會科學、新聞學及圖書資訊,2,4.736432,-34.068836
017482,文化大傳,社會科學、新聞學及圖書資訊,2,4.1574316,-0.19212449
017492,文化都市開發,工程、製造及營建,6,0.664242,-36.42537
017502,文化建築都市,工程、製造及營建,6,3.353865,-37.992702
017512,文化景觀,工程、製造及營建,6,2.4540346,-37.61221
017522,文化教育,教育,0,0.0011408163,-45.394344
017532,文化心理輔導,社會科學、新聞學及圖書資訊,2,16.83146,-8.736858
017542,文化戲劇,藝術及人文,1,12.722434,-57.544415
017552,文化中國戲劇,藝術及人文,1,12.748342,-58.184063
017572,文化美術,藝術及人文,1,63.591896,2.128653
017582,文化體育,教育,0,8.088827,-54.620625
017592,文化技擊國術,服務,10,10.90888,-63.9382
017602,文化運動健康促進,服務,10,8.159849,-54.58421
018012,靜宜英國語文,藝術及人文,1,6.0432334,-21.729506
018022,靜宜英國語文繁星,藝術及人文,1,8.296344,-19.88521
018032,靜宜西班牙語文,藝術及人文,1,9.249531,-21.77353
018042,靜宜西班牙語文繁星,藝術及人文,1,8.998968,-20.357344
018052,靜宜日本語文,藝術及人文,1,8.691601,6.828864
018062,靜宜日本語文繁星,藝術及人文,1,9.764208,6.232332
018072,靜宜中文,藝術及人文,1,23.605154,-2.7159178
018082,靜宜中文繁星,藝術及人文,1,24.803709,-7.9076014
018092,靜宜社工兒少福利,醫藥衛生及社會福利,7,20.413097,-14.534286
018102,靜宜社工兒少福利繁星,醫藥衛生及社會福利,7,23.429092,-9.000384
018112,靜宜台文,藝術及人文,1,24.601572,-3.0676413
018122,靜宜台文繁星,藝術及人文,1,25.095839,-8.310586
018132,靜宜法律,商業、管理及法律,3,9.851187,-13.570383
018142,靜宜法律繁星,商業、管理及法律,3,10.182359,-13.147948
018152,靜宜生態人文,自然科學、數學及統計,4,-2.0570474,-39.84105
018162,靜宜生態人文繁星,自然科學、數學及統計,4,25.610369,-9.057585
018172,靜宜大傳,社會科學、新聞學及圖書資訊,2,5.3225093,-0.4511421
018182,靜宜大傳繁星,社會科學、新聞學及圖書資訊,2,15.520868,5.809099
018192,靜宜財務數學計算,自然科學、數學及統計,4,-10.869592,-47.133507
018202,靜宜財務數學計算繁星,自然科學、數學及統計,4,28.934793,-16.74833
018212,靜宜財務數學財工,自然科學、數學及統計,4,-10.618487,-47.675976
018222,靜宜財務數學財工繁星,自然科學、數學及統計,4,27.858398,-18.320456
018232,靜宜應用化學,自然科學、數學及統計,4,49.97271,-23.867094
018242,靜宜應用化學繁星,自然科學、數學及統計,4,29.537758,-16.149668
018252,靜宜食品營養保健,自然科學、數學及統計,4,30.558357,-10.58417
018262,靜宜食品營養保健繁星,自然科學、數學及統計,4,28.184568,-13.227775
018272,靜宜食品營養生技,自然科學、數學及統計,4,29.944122,-10.441429
018282,靜宜食品營養生技繁星,自然科學、數學及統計,4,28.186052,-13.372945
018292,靜宜化粧品,醫藥衛生及社會福利,7,32.133408,-14.959806
018302,靜宜化粧品繁星,醫藥衛生及社會福利,7,30.894629,-15.606336
018312,靜宜統計資訊,自然科學、數學及統計,4,-11.451381,-46.689785
018322,靜宜統計資訊繁星,自然科學、數學及統計,4,27.819546,-18.480444
018332,靜宜企業管理,商業、管理及法律,3,16.735287,-26.771334
018342,靜宜企管繁星,商業、管理及法律,3,13.194622,-24.535002
018352,靜宜國企,商業、管理及法律,3,16.38666,-27.090132
018362,靜宜國企繁星,商業、管理及法律,3,13.179851,-24.458893
018372,靜宜會計,商業、管理及法律,3,12.167451,-30.225197
018382,靜宜會計繁星,商業、管理及法律,3,11.546063,-26.721695
018392,靜宜觀光事業,服務,10,17.36726,-22.894167
018402,靜宜觀光事業繁星,服務,10,13.89949,-23.596815
018412,靜宜財金,商業、管理及法律,3,13.096877,-30.37834
018422,靜宜財金繁星,商業、管理及法律,3,11.593133,-26.71602
018432,靜宜資管,資訊通訊科技,5,-13.381644,-35.48903
018442,靜宜資管繁星,資訊通訊科技,5,36.67745,-16.6228
018452,靜宜資工,工程、製造及營建,6,-14.694901,-35.494244
018462,靜宜資工繁星,工程、製造及營建,6,37.64066,-16.275906
018472,靜宜資訊傳播(遊戲),社會科學、新聞學及圖書資訊,2,40.767654,-15.195854
018482,靜宜資訊傳播(動畫),社會科學、新聞學及圖書資訊,2,40.6968,-15.18868
018492,靜宜資訊傳播繁星,社會科學、新聞學及圖書資訊,2,37.42956,-16.340408
018502,靜宜寰管學程,商業、管理及法律,3,6.459375,-24.20131
018522,靜宜寰外教育學程,藝術及人文,1,6.270146,-21.990084
018532,靜宜寰外教育學程繁星,藝術及人文,1,7.3551073,-20.590466
019012,大同機械電子,工程、製造及營建,6,-41.365974,-30.790583
019022,大同機械精密,工程、製造及營建,6,-40.452824,-30.3229
019032,大同電機電機系統,工程、製造及營建,6,-41.48005,-31.32923
019042,大同電機電子通訊,工程、製造及營建,6,-39.921165,-31.79777
019052,大同化工,工程、製造及營建,6,-23.781832,-40.361034
019062,大同工設,藝術及人文,1,44.678173,21.820414
019072,大同事業經營,商業、管理及法律,3,3.6160533,-28.238697
019082,大同資工,資訊通訊科技,5,-32.59907,-14.479015
019092,大同材料工程,工程、製造及營建,6,-23.773546,-40.344917
019102,大同生物工程,工程、製造及營建,6,-7.8559933,-40.40901
019112,大同資訊經營,資訊通訊科技,5,-10.366673,-29.422052
019122,大同媒設媒體設計,藝術及人文,1,44.04169,19.173794
019132,大同媒設遊戲設計,藝術及人文,1,42.9949,15.047656
019142,大同應用外語,藝術及人文,1,1.2304113,-17.619493
020012,輔仁中文,藝術及人文,1,20.696064,0.44720936
020022,輔仁歷史,藝術及人文,1,12.391666,-1.6339257
020032,輔仁哲學,藝術及人文,1,16.019238,-1.0585507
020042,輔仁景觀設計,工程、製造及營建,6,42.62744,25.732033
020052,輔仁影像傳播,社會科學、新聞學及圖書資訊,2,-1.3002962,5.9842315
020062,輔仁新聞傳播,社會科學、新聞學及圖書資訊,2,-2.9808872,4.921301
020072,輔仁廣告傳播,商業、管理及法律,3,-2.812508,5.652426
020082,輔仁圖書資訊,社會科學、新聞學及圖書資訊,2,4.0571427,-4.5440707
020092,輔仁教育領導學程,教育,0,0.3643639,-5.287952
020102,輔仁護理學,醫藥衛生及社會福利,7,-68.24894,31.23594
020122,輔仁公共衛生,醫藥衛生及社會福利,7,-61.42286,13.2366295
020132,輔仁醫學,醫藥衛生及社會福利,7,-21.50783,78.12755
020142,輔仁臨床心理,社會科學、新聞學及圖書資訊,2,-8.874548,24.974266
020152,輔仁職能治療,醫藥衛生及社會福利,7,-62.212185,38.038437
020162,輔仁呼吸治療,醫藥衛生及社會福利,7,-61.742702,32.522118
020172,輔仁數學資訊,自然科學、數學及統計,4,-24.138975,-26.463028
020182,輔仁數學應數,自然科學、數學及統計,4,-24.11565,-26.023712
020192,輔仁化學,自然科學、數學及統計,4,-59.605774,-8.860557
020202,輔仁資工,資訊通訊科技,5,-37.226162,-12.917241
020212,輔仁生命科學,自然科學、數學及統計,4,-56.089573,4.6974883
020222,輔仁物理物理,自然科學、數學及統計,4,-46.407974,-30.232275
020232,輔仁物理光電物理,自然科學、數學及統計,4,-45.768475,-29.651083
020242,輔仁電機電腦通訊,工程、製造及營建,6,-39.66784,-14.995036
020252,輔仁電機系統晶片,工程、製造及營建,6,-40.971863,-14.514252
020262,輔仁醫學資訊創新,資訊通訊科技,5,-24.832449,-4.741964
020272,輔仁英國語文,藝術及人文,1,-2.4230556,15.650068
020282,輔仁法國語文學,藝術及人文,1,-3.3611803,11.670694
020292,輔仁西班牙語文,藝術及人文,1,-5.668605,11.156391
020302,輔仁日本語文,藝術及人文,1,4.6035857,9.783064
020312,輔仁義大利語,藝術及人文,1,-4.4288144,10.43698
020322,輔仁德語語文,藝術及人文,1,-5.971088,14.223084
020332,輔仁織品服裝設計,藝術及人文,1,49.29604,14.791999
020342,輔仁織品服裝服飾,藝術及人文,1,49.462032,14.193347
020352,輔仁織品服裝行銷,藝術及人文,1,49.06863,15.673508
020362,輔仁餐管,服務,10,17.939852,9.6275215
020372,輔仁兒童家庭,醫藥衛生及社會福利,7,12.95294,8.208388
020382,輔仁食品科學,工程、製造及營建,6,-56.72658,11.532608
020392,輔仁營養科學,自然科學、數學及統計,4,-57.014343,28.223606
020502,輔仁宗教,藝術及人文,1,16.799513,-63.69667
020512,輔仁心理,社會科學、新聞學及圖書資訊,2,-8.2571745,24.218039
020522,輔仁音樂應用音樂,藝術及人文,1,-3.35605,-56.239212
020542,輔仁應用美術,藝術及人文,1,54.96015,13.062913
020552,輔仁體育育學,服務,10,37.141094,7.8258104
020562,輔仁體育健康,服務,10,29.531338,11.148589
021012,海洋商船學,服務,10,-45.064102,-3.8423629
021022,海洋航運管理,服務,10,-26.065376,7.008468
021032,海洋運輸A,服務,10,-26.366135,6.944565
021052,海洋輪機能源應用,工程、製造及營建,6,-44.8482,-2.4945161
021062,海洋輪機動力工程,工程、製造及營建,6,-45.092316,-2.7423837
021072,海洋食品科學食品科學,工程、製造及營建,6,-55.462265,14.862969
021082,海洋食品科學生科,工程、製造及營建,6,-55.32624,14.801036
021092,海洋水產養殖,農業、林業、漁業及獸醫,9,-49.020515,9.676128
021102,海洋生科生物科技,自然科學、數學及統計,4,-49.716248,17.726814
021112,海洋系統造船,工程、製造及營建,6,-46.231426,-2.837787
021122,海洋河海工程,工程、製造及營建,6,-41.5484,-7.0178638
021132,海洋機械機電,工程、製造及營建,6,-38.561054,6.275054
021142,海洋海洋環境資訊,自然科學、數學及統計,4,-46.409164,8.951535
021152,海洋環境生物漁業,農業、林業、漁業及獸醫,9,-48.673668,9.386747
021162,海洋電機,工程、製造及營建,6,-38.358406,7.766652
021172,海洋資工,資訊通訊科技,5,-35.796867,4.5329413
021202,海洋海洋法政學程,商業、管理及法律,3,-6.0303826,33.333603
021212,海洋光電材料,工程、製造及營建,6,-37.33691,5.6075935
021222,海洋海洋文創學程,藝術及人文,1,35.84465,23.470373
021242,海洋海工學程,工程、製造及營建,6,-41.864918,-7.632827
022012,高師數學系數學,自然科學、數學及統計,4,-31.301828,-3.7050595
022022,高師數學應數,自然科學、數學及統計,4,-30.695934,-5.2476406
022032,高師化學,自然科學、數學及統計,4,-49.01408,26.160633
022042,高師物理,自然科學、數學及統計,4,-41.843025,26.65129
022052,高師生物科技,自然科學、數學及統計,4,-49.892113,14.944912
022062,高師工設,藝術及人文,1,46.10147,22.996744
022072,高師光電通訊,工程、製造及營建,6,-42.60865,5.590788
022082,高師電子工程,工程、製造及營建,6,-42.042034,6.321942
022092,高師軟工管理,資訊通訊科技,5,-31.557024,6.770795
022112,高師地理,社會科學、新聞學及圖書資訊,2,7.815735,38.09368
022122,高師特殊教育,教育,0,11.448616,27.320679
022132,高師英語,藝術及人文,1,-1.4125465,20.523376
022142,高師教育,教育,0,13.649462,30.490911
022152,高師國文學,藝術及人文,1,21.228127,31.44332
022162,高師工教技訓,教育,0,-45.99408,4.347763
023102,彰師化學,自然科學、數學及統計,4,-49.63677,25.941101
023112,彰師生物,自然科學、數學及統計,4,-47.704597,18.866846
023122,彰師機電工程,工程、製造及營建,6,-39.104538,6.1553655
023132,彰師電子工程,工程、製造及營建,6,-42.05903,6.410218
023142,彰師資工,資訊通訊科技,5,-30.622108,32.995384
023152,彰師電機,工程、製造及營建,6,-38.431713,8.403887
023162,彰師企業管理,商業、管理及法律,3,-19.600294,17.378757
023172,彰師會計,商業、管理及法律,3,-19.747059,17.944824
023182,彰師資管資管,資訊通訊科技,5,-32.413204,8.841047
023192,彰師資管數位內容,資訊通訊科技,5,-31.654158,9.5706415
023222,彰師特殊教育(公費),教育,0,28.292927,36.919388
023242,彰師美術,藝術及人文,1,59.225525,11.19368
023252,彰師運動,教育,0,7.104984,-62.281986
025012,陽明醫學A,醫藥衛生及社會福利,7,-23.15991,79.438934
025022,陽明醫學B,醫藥衛生及社會福利,7,-21.231909,81.82937
025082,陽明物理治療輔助,醫藥衛生及社會福利,7,-57.38318,48.89798
025092,陽明生科基因,自然科學、數學及統計,4,-46.451584,46.462994
025102,陽明生物醫學,工程、製造及營建,6,-38.512184,52.598587
025112,陽明藥學,醫藥衛生及社會福利,7,-53.063404,54.474125
025122,陽明學士班不分系,自然科學、數學及統計,4,-55.714306,45.447495
025132,陽明不分系(璞A),其他,8,-51.55986,35.25611
025152,陽明醫學(公費),醫藥衛生及社會福利,7,-14.556045,78.18827
026012,中山醫醫學,醫藥衛生及社會福利,7,-18.557076,77.21413
026022,中山醫牙醫,醫藥衛生及社會福利,7,-22.756172,73.66576
026032,中山醫物理治療,醫藥衛生及社會福利,7,-61.676174,42.99754
026042,中山醫職能治療,醫藥衛生及社會福利,7,-62.397934,39.88439
026052,中山醫語言治療聽力語言,醫藥衛生及社會福利,7,-63.932384,40.050137
026062,中山醫語言治療聽力聽力,醫藥衛生及社會福利,7,-64.960815,38.485455
026072,中山醫生醫科學學,自然科學、數學及統計,4,-55.841015,20.912823
026082,中山醫視光學,醫藥衛生及社會福利,7,-67.3442,20.019436
026092,中山醫醫學放射,醫藥衛生及社會福利,7,-63.919453,27.40454
026102,中山醫心理,社會科學、新聞學及圖書資訊,2,-9.329229,26.195484
026112,中山醫營養,自然科學、數學及統計,4,-57.469967,28.957134
026122,中山醫職安衛生,服務,10,-64.352776,14.778244
026132,中山醫醫學應化,自然科學、數學及統計,4,-51.11859,25.94506
026142,中山醫健康餐飲,服務,10,-65.03315,14.481784
026152,中山醫護理學,醫藥衛生及社會福利,7,-68.73747,32.442646
026162,中山醫醫檢暨生技,醫藥衛生及社會福利,7,-58.24529,34.242954
026172,中山醫應用外國語,藝術及人文,1,2.14361,13.12085
026182,中山醫公共衛生,醫藥衛生及社會福利,7,-62.665527,15.106555
026192,中山醫醫學社工,醫藥衛生及社會福利,7,14.317644,11.543888
026202,中山醫醫學資訊,醫藥衛生及社會福利,7,-63.85644,16.851156
026212,中山醫醫療科管,商業、管理及法律,3,-63.564846,18.813236
026222,中山醫護理學(公費),醫藥衛生及社會福利,7,40.962406,-3.7034254
027012,中山中文,藝術及人文,1,17.613367,38.203968
027022,中山外文,藝術及人文,1,9.951632,58.89593
027032,中山劇場藝術,藝術及人文,1,6.9447265,22.788057
027042,中山生物科學,自然科學、數學及統計,4,-49.4001,19.768238
027052,中山化學,自然科學、數學及統計,4,-45.53617,34.267822
027062,中山物理,自然科學、數學及統計,4,-41.152836,29.371056
027072,中山應用數學,自然科學、數學及統計,4,-26.796442,39.219288
027082,中山電機,工程、製造及營建,6,-35.114166,38.81353
027092,中山機械機電,工程、製造及營建,6,-38.16064,35.68592
027102,中山資工,工程、製造及營建,6,-32.33407,39.40074
027112,中山光電工程,工程、製造及營建,6,-35.517838,35.365406
027122,中山材料光電,工程、製造及營建,6,-41.175438,37.682987
027132,中山企業管理,商業、管理及法律,3,-15.281552,38.813366
027142,中山資管,資訊通訊科技,5,-27.202757,33.74476
027152,中山財務管理,商業、管理及法律,3,-17.103489,36.74298
027162,中山海洋環境,工程、製造及營建,6,-36.701538,24.806868
027172,中山海洋生物資源,自然科學、數學及統計,4,-37.90678,21.778437
027182,中山海洋,自然科學、數學及統計,4,-37.863106,21.776062
027192,中山政治經濟,商業、管理及法律,3,-2.9976313,35.867207
027202,中山社會,社會科學、新聞學及圖書資訊,2,-1.2786309,37.184093
027222,中山音樂創作應用,藝術及人文,1,-3.368416,-57.0731
028012,北藝劇場設計,藝術及人文,1,5.993343,23.745031
028022,北藝新媒藝術,藝術及人文,1,36.198772,28.597153
030012,長庚醫學,醫藥衛生及社會福利,7,-21.758116,80.021515
030022,長庚中醫,醫藥衛生及社會福利,7,-18.43227,72.432045
030032,長庚護理學,醫藥衛生及社會福利,7,-67.0616,33.428204
030042,長庚醫學生技暨檢驗,醫藥衛生及社會福利,7,-57.91449,35.691395
030052,長庚醫學放射,醫藥衛生及社會福利,7,-64.27544,29.477367
030062,長庚物理治療,醫藥衛生及社會福利,7,-60.45871,44.105343
030072,長庚職能治療,醫藥衛生及社會福利,7,-60.80775,39.808693
030082,長庚生醫,自然科學、數學及統計,4,-56.18823,21.076986
030092,長庚呼吸治療,醫藥衛生及社會福利,7,-62.752983,31.631592
030102,長庚電機系統晶片,工程、製造及營建,6,-42.113926,-12.541254
030112,長庚電機通訊,工程、製造及營建,6,-41.629555,-12.244008
030122,長庚機械工程學,工程、製造及營建,6,-44.136154,-20.208492
030132,長庚化工材料工程,工程、製造及營建,6,-54.638515,-10.525393
030142,長庚電子工程,工程、製造及營建,6,-42.18353,-18.218418
030152,長庚資工,資訊通訊科技,5,-37.2911,-11.126148
030162,長庚醫務管理,商業、管理及法律,3,-62.37505,20.559662
030172,長庚工商管理,商業、管理及法律,3,-7.737002,-13.094759
030182,長庚工設,藝術及人文,1,43.851997,21.277021
030192,長庚資管,資訊通訊科技,5,-23.016546,-13.08304
030212,長庚醫學(公費),醫藥衛生及社會福利,7,-14.994201,77.132385
031012,中教教育,教育,0,16.888153,29.253061
031022,中教語文教育,教育,0,19.4244,31.769907
031032,中教區域發展,社會科學、新聞學及圖書資訊,2,-16.041458,15.879779
031042,中教數學教育,教育,0,-32.6852,-3.5966008
031052,中教科學教育,教育,0,-34.431377,-3.0939834
031062,中教幼兒教育,教育,0,16.052485,19.856758
031082,中教臺灣語文,藝術及人文,1,18.479282,3.6715598
031092,中教資工,資訊通訊科技,5,-35.839447,3.0364983
031102,中教英語,藝術及人文,1,-0.48708394,19.535116
031112,中教諮商應用心理,社會科學、新聞學及圖書資訊,2,0.16224298,26.83803
031122,中教數位內容科技,資訊通訊科技,5,-31.097363,10.167984
031132,中教國企,商業、管理及法律,3,-19.387486,16.30663
031142,中教文創設計營運,藝術及人文,1,37.811924,23.851648
031152,中教體育非運專,教育,0,32.05189,11.915531
031182,中教美術,藝術及人文,1,60.342724,10.316247
031192,中教體育運專,教育,0,8.686441,-63.92532
032012,北教教育,教育,0,13.431878,31.012548
032022,北教教育經管,教育,0,5.799162,30.689394
032032,北教幼兒家教,教育,0,10.198013,31.30305
032042,北教特殊教育,教育,0,11.441929,25.537783
032052,北教心理諮商,社會科學、新聞學及圖書資訊,2,-5.0154967,27.510895
032062,北教社會區域發展,社會科學、新聞學及圖書資訊,2,7.2095103,35.146393
032072,北教兒童英語教育,藝術及人文,1,-3.536865,19.31085
032082,北教語文創作語文師資,藝術及人文,1,20.859138,29.193047
032092,北教語文創作文學創作,藝術及人文,1,17.749916,41.387928
032102,北教文創產經,藝術及人文,1,34.400463,26.108288
032112,北教藝術造形設計設計,藝術及人文,1,34.747276,27.068508
032122,北教自然科學教育,教育,0,-38.871693,12.103573
032132,北教資科,資訊通訊科技,5,-33.071266,2.8976407
032142,北教數位科技,藝術及人文,1,35.14667,28.268425
032152,北教數學資訊數學,教育,0,-31.87535,-1.0801185
032162,北教數學資訊資訊,教育,0,-31.815342,1.894131
032262,北教藝術造形設計藝術,藝術及人文,1,59.090763,13.634873
032282,北教體育,教育,0,35.593807,9.996621
033012,臺南教育,教育,0,16.643467,27.829498
033022,臺南特殊教育,教育,0,14.564607,23.995468
033032,臺南幼兒教育,教育,0,16.969381,19.512617
033042,臺南諮商輔導,社會科學、新聞學及圖書資訊,2,2.075309,26.583372
033052,臺南國語文學,藝術及人文,1,22.930187,31.136679
033062,臺南英語,藝術及人文,1,2.3746872,18.714731
033072,臺南行政管理,商業、管理及法律,3,-16.98094,15.29091
033082,臺南文化自然資源,社會科學、新聞學及圖書資訊,2,31.48027,14.202442
033092,臺南經營與管理,商業、管理及法律,3,-18.079355,14.711077
033102,臺南數位學習,資訊通訊科技,5,-29.653913,11.41385
033132,臺南材料科學,工程、製造及營建,6,-46.392303,1.8772634
033142,臺南綠能,工程、製造及營建,6,-47.222622,3.2436633
033152,臺南生物科技學,自然科學、數學及統計,4,-51.02868,13.796694
033162,臺南生態環境資源,自然科學、數學及統計,4,-48.118862,4.639796
033172,臺南戲劇創作,藝術及人文,1,7.458357,22.409273
033182,臺南應用數學,自然科學、數學及統計,4,-32.39806,-5.822667
033222,臺南體育,教育,0,34.429657,7.6217237
034012,東華應用數學科學,自然科學、數學及統計,4,-23.155273,-23.020222
034022,東華應用數學統計,自然科學、數學及統計,4,-23.14101,-22.671799
034032,東華物理物理,自然科學、數學及統計,4,-49.32347,-29.225855
034042,東華物理奈米光電,自然科學、數學及統計,4,-49.288456,-24.154325
034052,東華化學,自然科學、數學及統計,4,-51.026424,-8.484927
034062,東華生命科學,自然科學、數學及統計,4,-55.94591,6.4730816
034072,東華資工學士資工,資訊通訊科技,5,-46.60374,-9.30634
034082,東華資工學士國際,資訊通訊科技,5,-45.66016,-9.523888
034092,東華電機,工程、製造及營建,6,-47.647186,-9.227289
034102,東華材料科學與工程,工程、製造及營建,6,-49.38965,-8.910714
034112,東華光電工程,工程、製造及營建,6,-49.191505,-23.75429
034122,東華企業管理,商業、管理及法律,3,-18.743744,4.342538
034132,東華會計,商業、管理及法律,3,-18.052343,2.7547245
034142,東華資管,資訊通訊科技,5,-25.370478,-12.123468
034152,東華國企,商業、管理及法律,3,-19.911213,4.7305503
034162,東華財金,商業、管理及法律,3,-18.265535,3.1501248
034172,東華觀光休閒遊憩,服務,10,22.136614,13.025138
034182,東華管理財金學程,商業、管理及法律,3,-20.267658,4.807783
034192,東華華文文學,藝術及人文,1,22.988499,25.81137
034202,東華中語文,藝術及人文,1,23.121397,26.10041
034212,東華英美語文,藝術及人文,1,0.6492975,16.275146
034222,東華臺灣文化,社會科學、新聞學及圖書資訊,2,10.090163,0.9084396
034232,東華歷史,藝術及人文,1,10.36697,-0.43015265
034242,東華經濟,社會科學、新聞學及圖書資訊,2,-18.566166,5.893645
034252,東華諮商臨床心理,社會科學、新聞學及圖書資訊,2,-8.532637,22.322514
034262,東華社會,社會科學、新聞學及圖書資訊,2,21.765625,23.953806
034272,東華公共行政,商業、管理及法律,3,8.076446,-4.869541
034282,東華法律學程,商業、管理及法律,3,-5.706914,32.67821
034292,東華教育潛能開發,教育,0,20.04529,22.53437
034302,東華教育行政管理,教育,0,20.87274,22.802788
034312,東華特殊教育,教育,0,17.663036,22.794699
034322,東華幼兒教育,教育,0,18.966894,18.00549
034332,東華族群文化,藝術及人文,1,27.164879,2.8477223
034342,東華民族傳播學,藝術及人文,1,27.005377,3.1624541
034362,東華民族社工學程,醫藥衛生及社會福利,7,10.71798,14.558382
034372,東華自然資源環境,自然科學、數學及統計,4,-51.374527,6.6448784
034402,東華藝術設計,藝術及人文,1,62.7573,4.6107063
034412,東華藝術創意產業,藝術及人文,1,33.881626,19.285233
034422,東華體育運動,教育,0,36.09529,5.533745
035012,北市大教育,教育,0,17.77044,30.80527
035022,北市大特殊教育,教育,0,12.149628,24.692467
035032,北市大幼兒教育,教育,0,12.021476,22.928135
035042,北市大心理諮商,社會科學、新聞學及圖書資訊,2,-3.6031668,27.182096
035052,北市大學習媒材,教育,0,36.692776,23.747362
035062,北市大中語文,藝術及人文,1,22.023474,27.899075
035072,北市大英語教學,教育,0,-3.105391,19.21924
035092,北市大社會公共事務,商業、管理及法律,3,2.7243133,34.998444
035102,北市大歷史地理,藝術及人文,1,8.965018,35.631947
035112,北市大地球環境生物,自然科學、數學及統計,4,-39.474346,12.137719
035122,北市大應用物化電物,自然科學、數學及統計,4,-37.118816,11.9598055
035132,北市大應用物化應化,自然科學、數學及統計,4,-37.72047,12.054126
035142,北市大數學,自然科學、數學及統計,4,-32.1972,-2.5116084
035152,北市大資科,資訊通訊科技,5,-32.72964,2.6976745
035162,北市大城市發展,工程、製造及營建,6,6.104979,34.04077
035232,北市大運動健康,服務,10,37.535435,6.2757754
036012,屏東教育,教育,0,16.778193,26.94485
036022,屏東幼兒教育,教育,0,18.302265,18.676193
036032,屏東特殊教育,教育,0,16.062582,24.246262
036062,屏東英語,藝術及人文,1,3.6899958,15.268865
036072,屏東文創產業,藝術及人文,1,30.464235,19.089506
036082,屏東社會發展,社會科學、新聞學及圖書資訊,2,23.005497,6.6338515
036092,屏東應用英語,藝術及人文,1,3.8219507,14.780941
036102,屏東應用日語,藝術及人文,1,9.060618,7.7293
036112,屏東視覺媒體(一般),藝術及人文,1,33.988308,19.265497
036122,屏東商業自動化,商業、管理及法律,3,-18.476355,-12.773135
036132,屏東行銷流通管理,商業、管理及法律,3,-18.621254,-12.493335
036142,屏東休閒事業,服務,10,27.185284,8.298076
036152,屏東不動產經,商業、管理及法律,3,-0.90139914,-11.660684
036162,屏東企業管理,商業、管理及法律,3,-18.641466,-10.929706
036172,屏東國貿,商業、管理及法律,3,-18.487806,-10.154287
036182,屏東財金,商業、管理及法律,3,-20.931667,1.3292805
036192,屏東會計,商業、管理及法律,3,-21.038967,1.2566513
036202,屏東應用化學,自然科學、數學及統計,4,-51.402786,-11.71423
036212,屏東應用數學,自然科學、數學及統計,4,-32.399036,-7.814472
036222,屏東應物物理,自然科學、數學及統計,4,-51.890865,-26.982973
036232,屏東應物光電材料,自然科學、數學及統計,4,-51.84985,-26.938437
036242,屏東科普傳播,教育,0,24.762238,5.9947004
036252,屏東電腦智慧,資訊通訊科技,5,-28.231245,-19.84335
036262,屏東電腦通訊,工程、製造及營建,6,-28.208042,-19.807358
036272,屏東資科,資訊通訊科技,5,-27.758554,-16.19364
036282,屏東資管,資訊通訊科技,5,-27.898046,-14.375624
036312,屏東體育,教育,0,33.854355,7.076977
038012,臺東教育,教育,0,23.212683,19.006107
038022,臺東文化休閒,服務,10,24.537321,8.051508
038032,臺東幼兒教育,教育,0,21.543005,18.201563
038042,臺東特殊教育,教育,0,22.335875,19.01812
038052,臺東數位文教,教育,0,25.343815,18.673946
038092,臺東公共文化,社會科學、新聞學及圖書資訊,2,24.190903,7.43587
038102,臺東應用數學,自然科學、數學及統計,4,-23.437738,-22.024115
038112,臺東資管,資訊通訊科技,5,-25.335917,-17.845898
038122,臺東生命科學,自然科學、數學及統計,4,-56.43921,7.2181964
038192,臺東美術產業,藝術及人文,1,62.318726,3.1958458
038202,臺東體育,教育,0,33.06182,6.4722657
039012,國體運動保健,服務,10,-64.04811,7.038265
039022,國體休閒產經,服務,10,27.387356,11.92405
039032,國體體育推廣(一般),服務,10,28.707043,11.293599
039042,國體體育推廣(拔河),服務,10,5.6639104,-62.46939
039052,國體適應體育,服務,10,36.09927,6.652077
040192,元智電機,工程、製造及營建,6,-43.089825,-13.287088
040202,元智通訊工程(電機),工程、製造及營建,6,-37.589195,-17.699913
040212,元智通訊工程(資訊),工程、製造及營建,6,-37.59689,-17.868853
040222,元智光電工程,工程、製造及營建,6,-46.24407,-26.15005
040232,元智電機通訊學程,工程、製造及營建,6,-31.87607,-20.996317
040242,元智藝術設計,藝術及人文,1,64.05387,5.2502055
041012,中正中文,藝術及人文,1,17.451077,38.194225
041022,中正外文,藝術及人文,1,10.38996,58.958332
041032,中正歷史,藝術及人文,1,10.97133,36.764965
041042,中正哲學,藝術及人文,1,0.22148107,41.405777
041052,中正數學,自然科學、數學及統計,4,-25.459787,39.91611
041062,中正地球環境,自然科學、數學及統計,4,-36.44864,27.875626
041072,中正物理,自然科學、數學及統計,4,-41.255432,28.601444
041082,中正化學生物,自然科學、數學及統計,4,-46.781235,32.097706
041092,中正生醫科學,自然科學、數學及統計,4,-50.645332,19.605007
041102,中正社會福利,醫藥衛生及社會福利,7,-0.51399124,32.707794
041112,中正心理,社會科學、新聞學及圖書資訊,2,-9.947294,52.45685
041122,中正勞工關係,社會科學、新聞學及圖書資訊,2,-0.6621986,32.85976
041132,中正政治,社會科學、新聞學及圖書資訊,2,-3.5065467,36.59852
041142,中正傳播學,社會科學、新聞學及圖書資訊,2,7.506103,46.566425
041172,中正機械工程學,工程、製造及營建,6,-38.4545,35.99137
041182,中正化工,工程、製造及營建,6,-44.282692,35.58441
042012,大葉機械自動工程(車輛),工程、製造及營建,6,58.149837,-29.574598
042022,大葉機械自動工程(精密),工程、製造及營建,6,58.044384,-30.627417
042032,大葉機械自動工程(整合),工程、製造及營建,6,57.985203,-30.90944
042042,大葉電機,工程、製造及營建,6,58.721718,-32.77024
042052,大葉電機(產學),工程、製造及營建,6,56.82738,-33.644314
042062,大葉工工,工程、製造及營建,6,44.986435,-39.302357
042072,大葉資工,資訊通訊科技,5,55.306076,-34.47523
042082,大葉資工(產學),資訊通訊科技,5,56.206734,-34.11684
042092,大葉環境工程,工程、製造及營建,6,46.281406,-28.331676
042102,大葉材料科學與工程,工程、製造及營建,6,52.75739,-37.720196
042112,大葉消防安全學程,服務,10,45.10426,-28.59369
042122,大葉綠產(能源科技),藝術及人文,1,47.442867,-41.103962
042132,大葉綠產(生活設計),藝術及人文,1,47.51354,-41.22116
042142,大葉企管(經營管理),商業、管理及法律,3,38.181763,-41.285038
042152,大葉企管(行銷流通),商業、管理及法律,3,37.634598,-42.847256
042162,大葉資管(數位經營),資訊通訊科技,5,48.449726,-36.755924
042172,大葉資管(系統),資訊通訊科技,5,48.545067,-36.937874
042182,大葉人資公關(人資),商業、管理及法律,3,37.968052,-44.459213
042192,大葉人資公關(公行),商業、管理及法律,3,37.827217,-43.66633
042202,大葉會計資訊(會計),商業、管理及法律,3,40.937065,-38.16263
042212,大葉會計資訊(投資）,商業、管理及法律,3,40.901928,-38.14978
042222,大葉國企(貿經),商業、管理及法律,3,37.81847,-40.822533
042232,大葉國企(行銷創意),商業、管理及法律,3,37.313175,-42.34289
042242,大葉財金(銀行),商業、管理及法律,3,38.271385,-37.897903
042252,大葉財金(投資管理),商業、管理及法律,3,37.992077,-36.86918
042262,大葉財金(公司財務),商業、管理及法律,3,37.90629,-36.63282
042342,大葉生物產業(應用),自然科學、數學及統計,4,45.143288,-22.706282
042352,大葉分子科技(生醫),自然科學、數學及統計,4,46.31957,-21.954634
042362,大葉分子科技(醫檢),自然科學、數學及統計,4,45.11847,-22.229921
042372,大葉生物資源(生態多樣性),自然科學、數學及統計,4,47.165054,-20.317993
042382,大葉生物資源(微生物),自然科學、數學及統計,4,47.01114,-20.52567
042392,大葉藥用植物保健(中藥),醫藥衛生及社會福利,7,44.92958,-17.892405
042402,大葉藥用植物保健(藥粧),醫藥衛生及社會福利,7,44.958824,-17.905659
042412,大葉觀光旅遊,服務,10,24.782967,-44.849186
042422,大葉觀光旅遊(產學),服務,10,26.071924,-44.75755
042432,大葉餐管,服務,10,44.896378,-54.328514
042442,大葉餐管(產學),服務,10,44.305,-51.81179
042462,大葉休閒(活企),服務,10,35.57087,-46.871494
042472,大葉婚禮節慶(行銷),服務,10,48.636253,-52.215343
042482,大葉婚禮節慶(婚企),服務,10,48.63554,-52.216404
042492,大葉烘焙飲料(產學),服務,10,43.700882,-51.44315
042502,大葉烘焙飲料,服務,10,43.120007,-52.075222
042512,大葉護理學,醫藥衛生及社會福利,7,37.754543,-11.106779
042522,大葉護理學(公費),醫藥衛生及社會福利,7,37.75096,-10.645422
042532,大葉運動健康管理(指導),服務,10,33.36816,-48.10177
042542,大葉運動健康管理(產業),服務,10,34.01896,-48.23041
042552,大葉視光學,醫藥衛生及社會福利,7,36.319897,-12.441571
042562,大葉醫療器材材料,工程、製造及營建,6,50.51298,-39.627285
042572,大葉工設,藝術及人文,1,62.96916,-16.32104
042582,大葉多媒體數位,藝術及人文,1,56.709377,-13.157723
042592,大葉傳播藝術,社會科學、新聞學及圖書資訊,2,29.772686,-27.6374
042602,大葉視覺傳達(設計),藝術及人文,1,58.028923,-9.465712
042612,大葉視覺傳達(媒體),藝術及人文,1,57.996857,-9.824131
042622,大葉空間設計建築,藝術及人文,1,61.708305,-19.321793
042632,大葉空間設計室內設計,藝術及人文,1,61.613693,-19.290043
042642,大葉造形藝術(工藝),藝術及人文,1,62.693623,-7.5799956
042652,大葉造形藝術(藝術),藝術及人文,1,62.70774,-7.4552736
043012,中華電機,工程、製造及營建,6,60.78218,-33.418007
043022,中華機械精密,工程、製造及營建,6,61.159203,-30.871323
043032,中華機械智慧,工程、製造及營建,6,61.13398,-30.93599
043042,中華電子工程,工程、製造及營建,6,60.941906,-33.965588
043052,中華光機電材料,工程、製造及營建,6,62.25221,-33.68534
043062,中華工管,工程、製造及營建,6,39.891006,-61.82808
043072,中華企管企管,商業、管理及法律,3,43.7737,-61.5585
043082,中華企管行銷組,商業、管理及法律,3,43.80045,-61.558044
043092,中華財務管理,商業、管理及法律,3,36.741375,-69.749794
043102,中華國企,商業、管理及法律,3,36.80707,-69.76544
043112,中華運輸科技物流,服務,10,39.631737,-61.464878
043122,中華科管,商業、管理及法律,3,41.05547,-60.001564
043132,中華建築都市建築設計,工程、製造及營建,6,62.23315,-21.211496
043142,中華建築都市環管,工程、製造及營建,6,64.22489,-24.108385
043152,中華建築都市建築科技,工程、製造及營建,6,63.657158,-23.795818
043162,中華景觀建築,工程、製造及營建,6,62.992203,-22.662746
043172,中華營建管理,商業、管理及法律,3,64.925385,-22.673512
043182,中華土木,工程、製造及營建,6,48.05244,-27.90382
043192,中華工設工設,藝術及人文,1,60.96532,-15.452723
043202,中華工設創設,藝術及人文,1,60.948933,-15.418271
043212,中華外文,藝術及人文,1,13.223105,-44.494335
043222,中華應用日語商務,藝術及人文,1,58.224796,-45.877834
043232,中華應用日語語文,藝術及人文,1,59.314636,-45.84238
043242,中華應用日語觀光,藝術及人文,1,58.967937,-45.85096
043252,中華行政管理,商業、管理及法律,3,29.271185,-56.08324
043262,中華資工資工,工程、製造及營建,6,56.584183,-38.52348
043272,中華資工軟工設計,工程、製造及營建,6,57.298313,-38.458054
043282,中華資工資應,工程、製造及營建,6,57.925045,-38.464676
043292,中華資工雲端物聯網,工程、製造及營建,6,51.51336,-57.958996
043302,中華生物資訊,自然科學、數學及統計,4,43.259518,-23.674757
043312,中華資管資訊系統,資訊通訊科技,5,50.61476,-60.400974
043322,中華資管資管應用,資訊通訊科技,5,50.49702,-61.246166
043332,中華資管手機軟體,資訊通訊科技,5,50.783478,-59.813217
043342,中華資管巨量資料,資訊通訊科技,5,51.199047,-58.501713
043352,中華餐管旅館,服務,10,43.229404,-55.92119
043362,中華餐管烘焙,服務,10,43.364338,-54.404152
043372,中華餐管餐飲,服務,10,43.740402,-54.761692
043382,中華休閒遊憩規劃,服務,10,44.45087,-57.912987
043392,中華觀光會展,服務,10,44.392647,-57.83835
044012,華梵工工程經營資訊,工程、製造及營建,6,31.28554,-62.79978
044022,華梵機電工程,工程、製造及營建,6,62.880764,-36.93985
044032,華梵電子工程,工程、製造及營建,6,62.867752,-36.866703
044042,華梵資管,資訊通訊科技,5,31.229845,-62.797478
044052,華梵中文,藝術及人文,1,20.905226,-60.117493
044062,華梵外文,藝術及人文,1,13.657921,-45.97936
044072,華梵哲學,藝術及人文,1,20.535059,-64.5429
044082,華梵工設產設,藝術及人文,1,64.08967,-14.3489275
044092,華梵工設交通,藝術及人文,1,64.50533,-14.597959
044102,華梵環境防災防災,工程、製造及營建,6,31.106922,-59.322857
044112,華梵環境防災設計,工程、製造及營建,6,31.002905,-59.34959
045032,義守資工,資訊通訊科技,5,53.06217,-32.77192
045042,義守通訊工程,工程、製造及營建,6,51.610535,-29.00393
045052,義守機械自動化,工程、製造及營建,6,56.106922,-29.913181
045062,義守化工,工程、製造及營建,6,49.763588,-25.29579
045072,義守土木生態,工程、製造及營建,6,48.392754,-27.66385
045082,義守材料科學與工程,工程、製造及營建,6,49.787365,-26.1561
045092,義守財務數學,自然科學、數學及統計,4,33.669792,-33.71771
045102,義守生物醫學,工程、製造及營建,6,42.70524,-20.323175
045202,義守公共政策,商業、管理及法律,3,16.011757,-14.30653
045212,義守醫務管理,商業、管理及法律,3,32.194668,-21.870083
045222,義守健康管理,醫藥衛生及社會福利,7,33.92725,-19.951155
045232,義守餐管,服務,10,20.444855,-23.96764
045242,義守休閒活企行銷,服務,10,29.854076,-43.204994
045252,義守休閒產業經營,服務,10,29.109138,-44.0057
045262,義守觀光學,服務,10,23.766186,-42.431835
045272,義守廚藝中西,服務,10,23.665285,-22.42045
045282,義守廚藝烘焙,服務,10,23.654413,-22.378693
045292,義守國企國行(國際),商業、管理及法律,3,21.446543,-38.810722
045302,義守國企國經(國際),商業、管理及法律,3,21.423197,-38.83247
045312,義守國際財金(國際),商業、管理及法律,3,36.71795,-35.073402
045322,義守國際觀光(國際),服務,10,22.46666,-41.620296
045332,義守國際餐旅(國際),服務,10,21.298553,-41.997543
045342,義守娛管影視娛樂(國際),服務,10,20.680872,-45.299267
045352,義守娛管活動策展(國際),服務,10,20.645338,-45.306313
045362,義守應用英語,藝術及人文,1,16.6331,-39.99926
045372,義守應用日語,藝術及人文,1,45.54078,-8.709791
045382,義守大傳媒體製作,社會科學、新聞學及圖書資訊,2,9.970652,-35.673386
045392,義守大傳傳播管理,社會科學、新聞學及圖書資訊,2,9.572618,-34.360603
045402,義守創意商品文創,藝術及人文,1,51.509933,-1.8318148
045412,義守創意商品生科,藝術及人文,1,51.435703,-1.8310206
045432,義守電影電視影視,藝術及人文,1,10.110718,-36.016094
045442,義守數設數動設計,藝術及人文,1,52.448784,-7.0103536
045452,義守數設互動媒體,藝術及人文,1,52.31151,-7.8664975
045462,義守生科生物醫藥,自然科學、數學及統計,4,40.172012,-19.067068
045472,義守生科食品,自然科學、數學及統計,4,40.448074,-19.527557
045482,義守營養,自然科學、數學及統計,4,31.663925,-9.194366
045492,義守護理學,醫藥衛生及社會福利,7,37.40624,-7.365664
045512,義守醫學放射,醫藥衛生及社會福利,7,-12.121284,11.465102
045522,義守物理治療,醫藥衛生及社會福利,7,-69.54501,23.43517
045532,義守職能治療,醫藥衛生及社會福利,7,-69.511055,22.62534
045542,義守醫檢,醫藥衛生及社會福利,7,-12.104621,11.448827
046042,銘傳財金國際金管（臺北）,商業、管理及法律,3,-8.377912,-20.490854
046052,銘傳財金財金（臺北）,商業、管理及法律,3,-8.415415,-21.50285
046062,銘傳風險管理保險（臺北）,商業、管理及法律,3,-4.014242,-21.811594
046072,銘傳國企金融（臺北）,商業、管理及法律,3,-6.9359493,-18.025055
046082,銘傳國企行銷（臺北）,商業、管理及法律,3,-6.0574846,-17.353945
046092,銘傳新媒傳播（臺北校）,社會科學、新聞學及圖書資訊,2,-0.67444986,-1.7310567
046102,銘傳廣播電視（臺北）,社會科學、新聞學及圖書資訊,2,0.66283876,4.3560796
046112,銘傳廣告策略行銷（臺北）,商業、管理及法律,3,0.2928527,1.5413843
046122,銘傳新聞（臺北）,社會科學、新聞學及圖書資訊,2,3.429518,2.519109
046132,銘傳法律（臺北）,商業、管理及法律,3,7.637732,-9.71801
046142,銘傳財金法律（臺北）,商業、管理及法律,3,7.2594438,-10.676233
046152,銘傳應用中文（桃園）,藝術及人文,1,21.447565,-3.9072917
046162,銘傳應用英語（桃園）,藝術及人文,1,3.2666094,-20.232862
046172,銘傳應用日語（桃園）,藝術及人文,1,8.069993,5.418421
046182,銘傳華語文教學（桃園）,教育,0,19.417305,-6.3214645
046192,銘傳商業設計（桃園）,藝術及人文,1,49.55479,6.4158273
046202,銘傳商品設計（桃園）,藝術及人文,1,49.805805,6.151566
046212,銘傳數位媒體（桃園）,藝術及人文,1,46.9603,4.828942
046222,銘傳建築（桃園）,工程、製造及營建,6,45.100056,27.44436
046232,銘傳都市防災（桃園）,工程、製造及營建,6,1.1008772,-36.875698
046242,銘傳觀光事業（桃園）,服務,10,16.05032,-19.999512
046252,銘傳休閒遊憩（桃園）,服務,10,15.975397,-20.245974
046262,銘傳餐管（桃園）,服務,10,19.11733,7.8371444
046272,銘傳犯罪防治（桃園）,服務,10,15.65391,-10.2420025
046282,銘傳公共事務（桃園）,商業、管理及法律,3,15.060892,-12.517318
046292,銘傳諮商工商心理（桃園）,社會科學、新聞學及圖書資訊,2,16.249207,-9.221241
046302,銘傳應用統計（桃園）,自然科學、數學及統計,4,-10.420406,-45.039536
046312,銘傳經濟金融（桃園）,商業、管理及法律,3,-7.5208716,-24.240921
046322,銘傳資管行動商務（桃園）,資訊通訊科技,5,-10.694689,-44.28123
046332,銘傳資管巨量資料（桃園）,資訊通訊科技,5,-7.8559403,-31.890013
046342,銘傳資管電子商務（桃園）,資訊通訊科技,5,2.2665431,-33.240547
046352,銘傳資訊傳播（桃園）,資訊通訊科技,5,-14.427817,-39.044052
046362,銘傳資工（桃園）,工程、製造及營建,6,-15.763434,-38.25279
046372,銘傳電工半導體（桃園）,工程、製造及營建,6,-17.78715,-40.27279
046382,銘傳電工計算機（桃園）,工程、製造及營建,6,-16.65715,-39.799915
046392,銘傳電腦通訊（桃園）,工程、製造及營建,6,-15.575403,-39.074303
046402,銘傳醫管健管（桃園）,商業、管理及法律,3,28.268862,-22.22184
046412,銘傳醫管數據資訊（桃園）,商業、管理及法律,3,28.272886,-22.240313
047022,世新廣播廣播,藝術及人文,1,1.094053,5.184696
047102,世新數設遊戲,藝術及人文,1,42.96045,15.114463
047112,世新傳播管理,商業、管理及法律,3,-0.40410978,-2.3445253
047122,世新資管資管,資訊通訊科技,5,-9.862971,-30.843637
047132,世新資管資訊科技,資訊通訊科技,5,-10.775733,-31.636934
047142,世新資管網路科技,資訊通訊科技,5,-11.510565,-30.156015
047152,世新財金,商業、管理及法律,3,-8.153693,-22.073238
047162,世新行政管理,商業、管理及法律,3,14.0142975,-12.607343
047172,世新觀光餐旅經營,服務,10,18.988201,7.3393188
047182,世新觀光休閒事業管理,服務,10,16.650011,-19.25314
047192,世新觀光規劃資源管理,服務,10,14.916496,-20.009415
047202,世新經濟,社會科學、新聞學及圖書資訊,2,-7.65651,-23.748983
047212,世新企業管理,商業、管理及法律,3,-3.7194881,-15.256131
047222,世新社會心理,社會科學、新聞學及圖書資訊,2,16.169136,-8.246211
047232,世新英語,藝術及人文,1,1.8782004,-19.856258
047242,世新中文,藝術及人文,1,20.846964,-2.0643396
047252,世新日本語文,藝術及人文,1,7.738519,6.025111
047262,世新法律,商業、管理及法律,3,7.587945,-9.149284
050012,實踐食品營養保健(臺北),自然科學、數學及統計,4,31.376987,-11.332149
050022,實踐社會工作(臺北),醫藥衛生及社會福利,7,13.480178,10.844636
050032,實踐家庭兒童(臺北),醫藥衛生及社會福利,7,13.004973,8.24199
050042,實踐餐管(臺北),服務,10,18.52127,8.8919935
050052,實踐服裝設計(臺北),藝術及人文,1,49.52102,13.623246
050062,實踐工業設計(臺北),藝術及人文,1,45.13225,22.572777
050072,實踐媒傳動畫(臺北),藝術及人文,1,41.54391,18.268099
050082,實踐媒傳創意媒體(臺北),藝術及人文,1,41.102734,19.263515
050092,實踐建築設計(臺北),工程、製造及營建,6,42.928417,29.495153
050102,實踐會計(臺北),商業、管理及法律,3,-4.480249,-25.324356
050112,實踐國際經貿易(臺北),商業、管理及法律,3,-5.975897,-17.397223
050122,實踐企管(臺北),商業、管理及法律,3,-3.1085153,-17.43908
050132,實踐管理國企學程(臺北),商業、管理及法律,3,4.730327,-26.082378
050142,實踐財金(臺北),商業、管理及法律,3,-9.3055525,-21.992725
050182,實踐國貿(高雄),商業、管理及法律,3,23.574968,-35.664337
050282,實踐國企日韓(高雄),商業、管理及法律,3,25.325514,-38.80674
050292,實踐國企業東南亞(高雄),商業、管理及法律,3,26.514774,-39.41774
050302,實踐行銷管理(高雄),商業、管理及法律,3,21.267303,-28.904835
050392,實踐應用英語國商(高雄),藝術及人文,1,14.814319,-37.030212
050402,實踐應用英語教學(高雄),藝術及人文,1,15.001033,-36.632145
050412,實踐觀光管理(高雄),服務,10,23.286112,-42.127773
050452,實踐應用中文(高雄),藝術及人文,1,23.918715,-4.4173155
050462,實踐應用日文(高雄),藝術及人文,1,45.975147,-9.001321
050472,實踐應用日文商務(高雄),藝術及人文,1,47.468277,-10.509567
050482,實踐應用日文翻譯(高雄),藝術及人文,1,46.90491,-10.371526
050492,實踐電腦動畫(高雄),藝術及人文,1,54.12619,-7.6667047
051132,長榮土地管理永續發展,工程、製造及營建,6,38.366917,-31.628668
051142,長榮財金,商業、管理及法律,3,27.027838,-30.457077
051152,長榮財金投資資訊,商業、管理及法律,3,28.492182,-31.360214
051162,長榮財金理財,商業、管理及法律,3,27.33097,-32.233807
051172,長榮創管企創,商業、管理及法律,3,31.13053,-38.620625
051182,長榮創管企營,商業、管理及法律,3,30.913225,-40.336784
051192,長榮觀光餐飲管理,服務,10,22.129053,-24.792688
051202,長榮觀光餐飲管理觀產,服務,10,26.24295,-42.668583
051212,長榮觀光餐飲管理餐產,服務,10,22.594267,-24.789045
051222,長榮國際會展規劃,商業、管理及法律,3,30.65253,-39.695343
051242,長榮國際商務,商業、管理及法律,3,32.351837,-30.691973
051252,長榮國際財務,商業、管理及法律,3,32.41903,-30.654018
051262,長榮不動產金管,商業、管理及法律,3,36.400475,-32.17556
051272,長榮不動產投理,商業、管理及法律,3,36.113693,-32.15728
051282,長榮醫管醫療,商業、管理及法律,3,32.588356,-22.051329
051292,長榮醫管長照,商業、管理及法律,3,31.696077,-22.270544
051302,長榮職安衛生職安,服務,10,38.604282,-28.811455
051312,長榮職安衛生職衛,服務,10,38.69915,-27.976648
051322,長榮職安衛生衛管,服務,10,38.370445,-28.029114
051332,長榮職安衛生職醫,服務,10,37.57677,-27.225372
051342,長榮護理學,醫藥衛生及社會福利,7,37.403564,-8.557415
051352,長榮護理學(公費),醫藥衛生及社會福利,7,41.411564,-5.6252327
051362,長榮生物科技學,自然科學、數學及統計,4,42.370674,-21.454563
051372,長榮生科經營管理,自然科學、數學及統計,4,41.591236,-26.523796
051382,長榮健康心理,社會科學、新聞學及圖書資訊,2,22.826971,-11.727877
051392,長榮保健營養保健,自然科學、數學及統計,4,32.358994,-9.102096
051402,長榮保健營養臨床,自然科學、數學及統計,4,34.70714,-19.962904
051412,長榮醫藥醫科,醫藥衛生及社會福利,7,38.359642,-22.32366
051422,長榮醫藥醫產,醫藥衛生及社會福利,7,38.243187,-22.409616
051432,長榮環境食安檢驗,工程、製造及營建,6,40.333366,-24.450062
051442,長榮環境食安食品檢驗,工程、製造及營建,6,40.36222,-24.306717
051452,長榮環境食安管理,工程、製造及營建,6,41.297928,-26.943048
051462,長榮消防安全防災,服務,10,43.716614,-28.870289
051472,長榮消防安全實務,服務,10,43.325615,-28.913555
051482,長榮消防安全鑑識,服務,10,42.74474,-29.37676
051492,長榮醫學健照健照,醫藥衛生及社會福利,7,36.499977,-23.253891
051512,長榮大傳,社會科學、新聞學及圖書資訊,2,28.87462,-26.538704
051522,長榮翻譯,藝術及人文,1,17.2385,-39.36894
051532,長榮翻譯經貿,藝術及人文,1,17.63659,-38.959404
051542,長榮社會工作專業,醫藥衛生及社會福利,7,23.507956,-16.24122
051552,長榮社工高齡福利,醫藥衛生及社會福利,7,23.789276,-15.770425
051562,長榮應用日語溝通,藝術及人文,1,44.823284,-12.190635
051572,長榮應用日語觀光文化,藝術及人文,1,44.542664,-12.24059
051582,長榮應用日語經貿,藝術及人文,1,43.54723,-12.435525
051592,長榮應用哲學,藝術及人文,1,32.891308,-26.689102
051602,長榮應哲公共參與,藝術及人文,1,33.769073,-26.920591
051612,長榮應哲生命關懷,藝術及人文,1,33.995342,-26.97951
051622,長榮台文創產學,藝術及人文,1,42.088245,-42.18496
051632,長榮東南亞觀光,其他,8,27.722528,-40.18185
051642,長榮東南亞產業商貿,其他,8,27.546848,-39.89817
051652,長榮資管手機軟體,資訊通訊科技,5,46.750626,-33.530655
051662,長榮資管數據智慧,資訊通訊科技,5,45.901875,-33.6082
051672,長榮科技工程管理,工程、製造及營建,6,52.20245,-28.83577
051682,長榮資工,資訊通訊科技,5,53.42911,-32.60849
051692,長榮資工互動多媒體,資訊通訊科技,5,50.8914,-34.104027
051702,長榮數設遊戲APP,藝術及人文,1,52.71931,-13.789112
051712,長榮數設數設創客,藝術及人文,1,55.71797,-13.568016
051722,長榮互動設計裝置,藝術及人文,1,52.55581,-15.054901
051732,長榮互動設計美資,藝術及人文,1,52.560364,-15.349995
051772,長榮無人機系統,資訊通訊科技,5,50.215733,-31.01994
051792,長榮媒設視覺,藝術及人文,1,56.3361,-7.102239
051802,長榮媒計影視動畫,藝術及人文,1,55.18503,-7.4118853
051812,長榮美術藝術創作,藝術及人文,1,60.30605,-5.1857505
051822,長榮美術應用,藝術及人文,1,60.341175,-5.212703
051832,長榮書畫藝術,藝術及人文,1,63.789455,0.6819626
051842,長榮運動競技,服務,10,32.486,-48.020515
056132,臺藝美術,藝術及人文,1,61.30983,8.348323
056142,臺藝書畫藝術,藝術及人文,1,62.957703,10.29867
056152,臺藝雕塑,藝術及人文,1,64.38507,8.125767
056162,臺藝古蹟修護,藝術及人文,1,58.40558,8.138018
056172,臺藝視覺傳達,藝術及人文,1,56.630264,13.582965
056182,臺藝工藝設計,藝術及人文,1,61.906918,12.963027
056192,臺藝多媒體動藝,藝術及人文,1,57.74033,15.583957
056202,臺藝舞蹈,藝術及人文,1,11.283461,-58.4594
058012,暨南中語文,藝術及人文,1,24.627735,30.52673
058022,暨南外文,藝術及人文,1,3.6301477,17.173769
058032,暨南社會政策工作,醫藥衛生及社會福利,7,13.51583,16.002869
058052,暨南歷史,藝術及人文,1,9.960651,-0.9189466
058062,暨南東南亞學,社會科學、新聞學及圖書資訊,2,9.551061,17.461624
058072,暨南國企,商業、管理及法律,3,-17.474442,11.405112
058082,暨南經濟,社會科學、新聞學及圖書資訊,2,-18.336267,8.723765
058092,暨南資管,資訊通訊科技,5,-26.763905,-7.7964063
058102,暨南財金,商業、管理及法律,3,-18.10875,10.232237
058112,暨南觀光餐旅休閒,服務,10,20.713345,12.946236
058152,暨南教育政策行政,教育,0,14.013066,16.411745
058162,暨南諮商人資諮商心理,社會科學、新聞學及圖書資訊,2,2.1078672,25.399878
058172,暨南諮商人資終身人資,社會科學、新聞學及圖書資訊,2,12.153404,17.533575
058182,暨南資工,資訊通訊科技,5,-39.41717,-0.35881123
058192,暨南土木,工程、製造及營建,6,-39.70968,-5.7566824
058202,暨南電機,工程、製造及營建,6,-40.078983,-0.47309768
058212,暨南應用化學,自然科學、數學及統計,4,-51.40827,-8.050159
058222,暨南應材光電,工程、製造及營建,6,-48.6039,-1.0773124
059012,南華財金,商業、管理及法律,3,26.939806,-31.18375
059022,南華企管經管,商業、管理及法律,3,34.626328,-40.2632
059032,南華企管行銷創業,商業、管理及法律,3,34.545593,-40.258156
059052,南華文創管理產業,商業、管理及法律,3,41.69036,-42.84218
059062,南華旅遊管理,服務,10,25.636774,-44.19069
059132,南華外文,藝術及人文,1,16.42374,-41.573532
059142,南華應社社會,社會科學、新聞學及圖書資訊,2,24.323502,-18.318205
059152,南華應社社工,社會科學、新聞學及圖書資訊,2,23.993864,-17.311956
059162,南華傳播學,社會科學、新聞學及圖書資訊,2,29.129032,-26.810905
059172,南華國際事務,社會科學、新聞學及圖書資訊,2,33.99729,-43.245205
059182,南華視覺藝術設計,藝術及人文,1,57.861362,-7.617333
059192,南華民族音樂,藝術及人文,1,1.8488747,-57.02978
059202,南華建築景觀社會,工程、製造及營建,6,60.594616,-20.855036
059212,南華建築景觀自然,工程、製造及營建,6,61.264507,-23.593843
059222,南華創意產品設計,藝術及人文,1,58.12599,-7.299005
059232,南華資工社會,工程、製造及營建,6,49.72565,-33.795525
059242,南華資工自然,工程、製造及營建,6,51.848537,-33.065968
059252,南華自然生物科技,自然科學、數學及統計,4,43.06765,-22.253212
059262,南華資管資管,資訊通訊科技,5,48.776142,-34.06258
059272,南華資管多媒體商務,資訊通訊科技,5,50.319332,-31.987701
060012,臺體運動管理,服務,10,28.370201,13.103223
060022,臺體運動健康學,服務,10,-64.08079,7.0135517
060032,臺體運動資訊傳播(傳播),服務,10,25.721745,13.041224
060042,臺體休閒運動,服務,10,29.444592,9.723515
060052,臺體體育(一般),教育,0,32.454174,10.318108
060062,臺體體育(運動專長),教育,0,9.152516,-63.973392
063012,南藝藝術史,藝術及人文,1,53.562313,12.880061
063022,南藝應用音樂藝術管理,藝術及人文,1,-2.7396655,-55.57733
063032,南藝應用音樂工程創作,藝術及人文,1,-3.318106,-57.465298
063042,南藝材質設計,藝術及人文,1,63.073647,6.415982
065012,玄奘社會工作,醫藥衛生及社會福利,7,24.759514,-53.69331
065022,玄奘應用心理,社會科學、新聞學及圖書資訊,2,24.57015,-53.262012
065032,玄奘法律,商業、管理及法律,3,29.548336,-53.357525
065042,玄奘宗教文化,藝術及人文,1,20.227886,-64.566246
065052,玄奘大傳,社會科學、新聞學及圖書資訊,2,26.029572,-61.08256
065062,玄奘廣播新聞,社會科學、新聞學及圖書資訊,2,26.170656,-61.17218
065072,玄奘影劇藝術,藝術及人文,1,13.99955,-59.07497
065082,玄奘視覺傳達廣告,藝術及人文,1,60.541855,-11.732718
065092,玄奘視覺傳達數位媒體,藝術及人文,1,59.21183,-12.219816
065102,玄奘藝術創意設計,藝術及人文,1,61.10091,-11.386929
065112,玄奘時尚設計,藝術及人文,1,52.578518,-51.43601
065122,玄奘應用外語日語,藝術及人文,1,56.683525,-46.52695
065132,玄奘應用外語英語,藝術及人文,1,15.216718,-45.74753
065142,玄奘企業管理,商業、管理及法律,3,41.53857,-58.947525
065152,玄奘資管,資訊通訊科技,5,48.053967,-62.873028
065162,玄奘餐管,服務,10,41.78353,-56.654198
079012,真理人文資訊(臺北),藝術及人文,1,21.656662,-56.8585
079022,真理宗教管理(臺北),藝術及人文,1,18.160532,-64.65184
079032,真理宗教實務(臺北),藝術及人文,1,17.971785,-64.69195
079042,真理英美語文(臺北),藝術及人文,1,12.450923,-44.219955
079052,真理應用日語(臺北),藝術及人文,1,46.180775,-13.736275
079062,真理台文(臺北),藝術及人文,1,20.005033,-60.268784
079072,真理財務精算保險(臺北),自然科學、數學及統計,4,28.63516,-70.59516
079082,真理財務精算財資(臺北),自然科學、數學及統計,4,28.687258,-70.67756
079092,真理資工(臺北),工程、製造及營建,6,4.403025,-49.135036
079102,真理資工實務(臺北),工程、製造及營建,6,3.6388426,-49.692825
079112,真理法律(臺北),商業、管理及法律,3,28.542572,-52.43509
079122,真理會計資訊(臺北),商業、管理及法律,3,32.034874,-69.432724
079132,真理財金(臺北),商業、管理及法律,3,29.879278,-67.26541
079142,真理國貿(臺北),商業、管理及法律,3,7.785503,-40.023697
079152,真理財政稅務(臺北),商業、管理及法律,3,31.868027,-67.281364
079162,真理經濟(臺北),社會科學、新聞學及圖書資訊,2,29.267582,-67.197395
079172,真理工管經營資訊(臺北),商業、管理及法律,3,34.19867,-61.357895
079182,真理企管(臺北),商業、管理及法律,3,8.145399,-40.740166
079192,真理資管(臺北),資訊通訊科技,5,5.284639,-48.958843
079202,真理運動管理(臺北),服務,10,11.267211,-53.822853
079212,真理運動資訊傳播(臺北),社會科學、新聞學及圖書資訊,2,11.3931875,-53.766407
079222,真理觀光事業(臺北),服務,10,8.95469,-49.552814
079232,真理觀光數位(臺北),服務,10,8.776763,-49.569214
079242,真理休閒遊憩(臺南),服務,10,34.992767,-49.382008
079252,真理音樂行政管理(臺北),藝術及人文,1,0.9324353,-57.06783
099012,臺北法律法學,商業、管理及法律,3,-5.0796,43.164093
099022,臺北法律司法,商業、管理及法律,3,-6.440058,45.49133
099032,臺北法律財經法,商業、管理及法律,3,-6.6830177,47.84014
099042,臺北企業管理,商業、管理及法律,3,-16.017975,40.191727
099052,臺北金融合作經營,商業、管理及法律,3,-16.538006,45.04951
099062,臺北會計,商業、管理及法律,3,-16.736288,47.075356
099072,臺北統計,自然科學、數學及統計,4,-19.855423,45.611588
099082,臺北休閒運動管理,服務,10,-15.919317,23.114256
099092,臺北公共行政暨政策,商業、管理及法律,3,2.592501,35.06024
099102,臺北財政,商業、管理及法律,3,-16.579554,44.72341
099112,臺北不動產城鄉,商業、管理及法律,3,3.523216,33.073257
099162,臺北應用外語,藝術及人文,1,7.9443808,59.545742
099172,臺北歷史,藝術及人文,1,11.241668,37.839912
099182,臺北資工,工程、製造及營建,6,-31.08135,35.633778
099192,臺北通訊工程,工程、製造及營建,6,-25.913565,31.44194
099202,臺北電機,工程、製造及營建,6,-31.66163,35.47311
099212,臺北飛鳶組,其他,8,25.98997,46.830647
100012,嘉義教育,教育,0,17.155537,29.497375
100022,嘉義輔導諮商,社會科學、新聞學及圖書資訊,2,0.1768163,26.703115
100032,嘉義特殊教育,教育,0,16.322454,23.813736
100052,嘉義數位學習管理,教育,0,-29.587383,11.449685
100062,嘉義中文,藝術及人文,1,23.740139,30.939678
100072,嘉義應用歷史,藝術及人文,1,8.847578,-1.1742607
100112,嘉義應用經濟,社會科學、新聞學及圖書資訊,2,-17.743832,8.553212
100122,嘉義生物事業,商業、管理及法律,3,-45.387203,9.039381
100132,嘉義資管,資訊通訊科技,5,-24.465998,12.59483
100142,嘉義行銷觀光管理,商業、管理及法律,3,-15.9961195,8.560419
100152,嘉義財金,商業、管理及法律,3,-19.880962,10.998348
100162,嘉義農藝,農業、林業、漁業及獸醫,9,-41.83815,16.652134
100172,嘉義園藝,農業、林業、漁業及獸醫,9,-41.677338,16.206379
100182,嘉義森林資源,農業、林業、漁業及獸醫,9,-44.791283,14.248318
100192,嘉義木質設計,農業、林業、漁業及獸醫,9,40.109234,24.870539
100232,嘉義植物醫學,農業、林業、漁業及獸醫,9,-43.21339,17.920076
100242,嘉義電子物理,自然科學、數學及統計,4,-47.612556,1.039941
100252,嘉義應用化學,自然科學、數學及統計,4,-48.193882,27.176205
100262,嘉義應用數學,自然科學、數學及統計,4,-32.89495,-6.5264277
100272,嘉義資工,資訊通訊科技,5,-37.073338,1.6464363
100282,嘉義生物機電,工程、製造及營建,6,-41.249905,-0.865583
100302,嘉義電機,工程、製造及營建,6,-41.032784,2.6206129
100312,嘉義機械能源,工程、製造及營建,6,-43.993427,-0.028328095
100322,嘉義食品科學,工程、製造及營建,6,-55.071392,15.826212
100332,嘉義水生生物,自然科學、數學及統計,4,-49.73652,8.568568
100342,嘉義生物資源,自然科學、數學及統計,4,-51.560207,12.429867
100352,嘉義生化科技,自然科學、數學及統計,4,-51.004353,14.918261
100362,嘉義微生物藥學,自然科學、數學及統計,4,-50.934082,16.4148
100372,嘉義獸醫,農業、林業、漁業及獸醫,9,-49.326225,50.94006
100392,嘉義教育(公),教育,0,28.28705,36.914246
100422,嘉義視覺藝術,藝術及人文,1,57.978775,9.376428
100432,嘉義體健休閒,服務,10,31.938568,11.208836
101012,高雄西洋語文,藝術及人文,1,2.9922988,18.557198
101022,高雄運動健康休閒學,服務,10,31.5327,13.308967
101032,高雄東亞日語,藝術及人文,1,7.2112703,17.57189
101042,高雄東亞韓語,藝術及人文,1,7.674166,17.5049
101052,高雄東亞越語,藝術及人文,1,8.358334,17.435835
101062,高雄法律,商業、管理及法律,3,-5.2697186,39.076916
101072,高雄政治法律,商業、管理及法律,3,-5.5023017,37.195515
101082,高雄財經法律,商業、管理及法律,3,-6.2895565,38.16446
101092,高雄應用經濟,社會科學、新聞學及圖書資訊,2,-19.705875,9.333715
101102,高雄亞太工商管企管,商業、管理及法律,3,-20.560701,14.142705
101112,高雄亞太工商管工管,商業、管理及法律,3,-22.56397,13.502412
101122,高雄資管,資訊通訊科技,5,-24.090374,12.832576
101132,高雄金管,商業、管理及法律,3,-20.250662,10.775744
101142,高雄應用數學,自然科學、數學及統計,4,-33.573303,-6.254266
101152,高雄應用化學,自然科學、數學及統計,4,-47.966644,27.520514
101162,高雄應用物理,自然科學、數學及統計,4,-47.866894,0.55759156
101172,高雄生命科學,自然科學、數學及統計,4,-49.949562,14.655274
101182,高雄電機,工程、製造及營建,6,-40.93525,2.931489
101192,高雄土木土木,工程、製造及營建,6,-40.700516,-4.6848464
101202,高雄土木環工,工程、製造及營建,6,-41.604355,-4.9652095
101212,高雄化學工材,工程、製造及營建,6,-47.3219,28.47479
101222,高雄資工,工程、製造及營建,6,-31.030478,32.3651
101232,高雄創建建築,藝術及人文,1,43.144943,32.710285
101242,高雄創建創意,藝術及人文,1,39.103256,20.64996
108012,慈濟醫學,醫藥衛生及社會福利,7,-15.96774,72.811516
108022,慈濟醫檢生技,醫藥衛生及社會福利,7,-69.51869,25.342781
108032,慈濟公共衛生,醫藥衛生及社會福利,7,34.26483,-1.3088139
108042,慈濟護理學,醫藥衛生及社會福利,7,-27.122313,0.9717923
108052,慈濟醫學資訊,資訊通訊科技,5,33.93822,-2.0522945
108062,慈濟物理治療,醫藥衛生及社會福利,7,-69.51866,24.843628
108072,慈濟生命科學,自然科學、數學及統計,4,35.378185,-0.4430103
108082,慈濟分子人類,自然科學、數學及統計,4,35.47102,-0.3802996
108092,慈濟傳播學,社會科學、新聞學及圖書資訊,2,31.807337,-3.4129186
108102,慈濟兒童家庭教育,醫藥衛生及社會福利,7,30.537365,-2.698179
108112,慈濟社會工作,醫藥衛生及社會福利,7,29.681015,-2.0123844
108122,慈濟人類心理,社會科學、新聞學及圖書資訊,2,31.095867,-2.0015848
108132,慈濟東方中文,藝術及人文,1,29.519827,-4.101476
108142,慈濟東方日文,藝術及人文,1,29.518856,-4.0958123
108152,慈濟英美語文,藝術及人文,1,11.598359,-42.743805
108172,慈濟醫學(公費),醫藥衛生及社會福利,7,-15.661285,72.709785
109012,北醫醫學,醫藥衛生及社會福利,7,-21.137505,79.393295
109022,北醫牙醫,醫藥衛生及社會福利,7,-23.339272,74.84747
109032,北醫藥學藥學,醫藥衛生及社會福利,7,-53.363647,50.715008
109042,北醫藥學臨床,醫藥衛生及社會福利,7,-53.01677,54.43358
109052,北醫醫檢暨生技,醫藥衛生及社會福利,7,-52.689423,44.93499
109062,北醫護理學,醫藥衛生及社會福利,7,-66.02049,34.372528
109072,北醫保健營養,自然科學、數學及統計,4,-58.16552,30.507107
109082,北醫公共衛生,醫藥衛生及社會福利,7,-60.35182,27.84807
109092,北醫醫務管理,商業、管理及法律,3,-62.21929,20.850306
109102,北醫呼吸治療,醫藥衛生及社會福利,7,-62.266598,33.006535
109112,北醫高齡健康管理,醫藥衛生及社會福利,7,-59.909267,26.109299
109122,北醫牙體技術,醫藥衛生及社會福利,7,-62.16461,24.900648
109132,北醫口腔衛生,醫藥衛生及社會福利,7,-60.620193,24.185057
109142,北醫護理學(公費),醫藥衛生及社會福利,7,42.060665,-2.310202
109152,北醫生物醫學,工程、製造及營建,6,-50.197403,41.12645
109162,北醫食品安全,工程、製造及營建,6,-59.882572,27.148989
110012,開南企創企管,商業、管理及法律,3,33.767838,-58.18965
110022,開南企創創管,商業、管理及法律,3,35.052574,-58.159367
110032,開南國企,商業、管理及法律,3,35.3319,-58.23065
110042,開南會計,商業、管理及法律,3,32.303837,-69.378815
110052,開南財金財管金投,商業、管理及法律,3,32.957836,-67.33368
110062,開南財金數據科技,商業、管理及法律,3,35.06886,-66.25234
110072,開南行銷品牌管理,商業、管理及法律,3,37.88543,-56.96643
110082,開南行銷數位行銷,商業、管理及法律,3,37.927906,-57.698235
110092,開南物流航運(航運),服務,10,36.492653,-63.193764
110102,開南物流航運(物流),服務,10,36.692226,-64.58672
110112,開南觀光餐飲旅館,服務,10,41.08192,-55.976925
110122,開南空運管理,服務,10,35.937416,-61.918423
110132,開南空管航運科管,服務,10,36.294163,-65.39243
110142,開南空管航旅服務,服務,10,36.917454,-61.287273
110152,開南運輸科管,服務,10,36.152588,-62.58585
110162,開南運輸科管產業,服務,10,38.08673,-64.89926
110172,開南休閒活管,服務,10,39.666016,-55.59767
110182,開南休閒產管社區,服務,10,38.03616,-55.952297
110192,開南多媒體手機,商業、管理及法律,3,43.48937,-65.270744
110202,開南多媒體創意,商業、管理及法律,3,43.07604,-65.63609
110212,開南資管資管(網頁),資訊通訊科技,5,48.034206,-65.805275
110222,開南資管資管(網路行銷),資訊通訊科技,5,47.03276,-64.908356
110232,開南資管資訊科技(網路),資訊通訊科技,5,48.07514,-64.40844
110242,開南資管資訊科技(APP),資訊通訊科技,5,48.414074,-64.275085
110252,開南資訊傳播動畫,社會科學、新聞學及圖書資訊,2,42.12321,-66.61782
110262,開南資訊傳播後製,社會科學、新聞學及圖書資訊,2,16.789234,-57.17228
110272,開南電影創媒(電影),藝術及人文,1,16.260387,-57.386116
110282,開南電影創媒(表演),藝術及人文,1,15.263329,-57.855896
110292,開南數位商設學程(社會),藝術及人文,1,56.902393,-54.403847
110302,開南數位商設學程(自然),藝術及人文,1,48.097157,-67.42082
110312,開南法律,商業、管理及法律,3,29.308598,-53.229366
110322,開南公共事務,商業、管理及法律,3,28.731401,-56.16697
110332,開南應用日語,藝術及人文,1,55.42508,-46.088326
110342,開南應用英語,藝術及人文,1,15.034338,-45.61781
110352,開南保健營養,自然科學、數學及統計,4,33.777004,-53.47737
110362,開南養生健康行銷,醫藥衛生及社會福利,7,34.452995,-54.07277
110372,開南健康產管,商業、管理及法律,3,34.661377,-54.213535
110392,開南形象時尚造型,藝術及人文,1,54.568546,-53.262222
110402,開南形象品牌創新,藝術及人文,1,56.18009,-54.133266
111012,首府幼兒教育（師培）,教育,0,20.462109,-49.284027
111072,首府烘焙管理,服務,10,45.606937,-49.071186
111092,首府資訊多媒體,資訊通訊科技,5,45.5381,-45.01297
112022,康寧資訊傳播(臺南),社會科學、新聞學及圖書資訊,2,52.62437,-46.759464
112032,康寧健康照護(臺南),醫藥衛生及社會福利,7,36.098763,-23.916155
112042,康寧餐管(臺南),服務,10,42.641846,-48.462715
112092,康寧嬰幼保育(臺北),醫藥衛生及社會福利,7,19.526722,-49.57618
112102,康寧長照(臺北),醫藥衛生及社會福利,7,38.640446,-11.80802
113012,中信金財金,商業、管理及法律,3,-12.347057,16.128971
113022,中信金財經法律,商業、管理及法律,3,-11.55495,16.912207
113032,中信金企業管理,商業、管理及法律,3,-11.87332,16.582088
130012,佛光文化創意,藝術及人文,1,23.903263,-57.247578
130022,佛光傳播(數位媒體),社會科學、新聞學及圖書資訊,2,15.231779,-51.5677
130032,佛光傳播(廣告公關),社會科學、新聞學及圖書資訊,2,15.258403,-51.65972
130042,佛光傳播(流行音樂),社會科學、新聞學及圖書資訊,2,15.255271,-52.504967
130052,佛光產品媒體(創意),藝術及人文,1,64.949036,-11.1066675
130062,佛光產品媒體(視覺),藝術及人文,1,64.91372,-11.038214
130072,佛光資應資訊系統管理,資訊通訊科技,5,23.15384,-68.73648
130082,佛光資應網路多媒體,資訊通訊科技,5,23.307402,-69.25075
130172,佛光管理(經管),商業、管理及法律,3,19.36988,-53.64347
130182,佛光管理(行創),商業、管理及法律,3,19.391153,-53.636097
130192,佛光應用經濟(財務),社會科學、新聞學及圖書資訊,2,26.246096,-66.39422
130202,佛光應用經濟(產業),社會科學、新聞學及圖書資訊,2,26.217728,-66.37704
130212,佛光未來產業,社會科學、新聞學及圖書資訊,2,24.194378,-57.021107
132012,稻江幼兒教育(非師),教育,0,52.86899,-43.535145
132022,稻江表演藝術,藝術及人文,1,13.912277,-59.837494
133012,明道企業管理,商業、管理及法律,3,38.17249,-51.14958
133022,明道財金,商業、管理及法律,3,34.19892,-66.51526
133032,明道行銷物流,商業、管理及法律,3,38.157543,-51.266098
133042,明道餐管,服務,10,41.939713,-50.77794
133092,明道數位設計,藝術及人文,1,56.990845,-13.328477
134022,亞洲健康產管醫療機構,醫藥衛生及社會福利,7,32.098965,-19.101412
134032,亞洲食品營養保健食品,自然科學、數學及統計,4,30.234114,-11.506237
134042,亞洲食品營養保健化妝品,自然科學、數學及統計,4,32.2675,-14.742128
134052,亞洲生科醫藥,自然科學、數學及統計,4,-6.01396,-37.705475
134062,亞洲生科產管,自然科學、數學及統計,4,-4.9722195,-37.6088
134072,亞洲心理師研,社會科學、新聞學及圖書資訊,2,19.694437,-10.457757
134082,亞洲心理臨床心理,社會科學、新聞學及圖書資訊,2,19.794104,-10.557474
134092,亞洲心理社會心理,社會科學、新聞學及圖書資訊,2,21.13521,-11.7863
134102,亞洲護理國際,醫藥衛生及社會福利,7,37.87922,-6.027174
134112,亞洲護理臨床,醫藥衛生及社會福利,7,36.95841,-6.775102
134122,亞洲護理高齡長照,醫藥衛生及社會福利,7,36.157173,-6.6681232
134132,亞洲護理學(公費),醫藥衛生及社會福利,7,39.48761,-4.2088494
134142,亞洲視光學,醫藥衛生及社會福利,7,35.011833,-12.47966
134152,亞洲聽力語言治療,醫藥衛生及社會福利,7,-69.33439,20.663256
134162,亞洲職能治療,醫藥衛生及社會福利,7,-69.130684,20.829948
134172,亞洲生物資訊生醫資訊,工程、製造及營建,6,-7.44537,-36.34651
134182,亞洲生物資訊醫學,工程、製造及營建,6,-7.5263,-36.60808
134192,亞洲資工大數據物聯網,資訊通訊科技,5,-16.172651,-34.33238
134202,亞洲資工數位內容,資訊通訊科技,5,-15.970766,-34.48217
134212,亞洲行動商務多媒體多媒體,資訊通訊科技,5,41.368877,-34.368298
134222,亞洲行動商務多媒體行商,資訊通訊科技,5,41.36141,-34.364414
134232,亞洲光電通訊綠能,工程、製造及營建,6,53.78792,-20.614252
134242,亞洲光電通訊網路,工程、製造及營建,6,53.802917,-20.660906
134252,亞洲資訊傳播媒體,社會科學、新聞學及圖書資訊,2,6.6196346,-34.390347
134262,亞洲資訊傳播影視,社會科學、新聞學及圖書資訊,2,6.836675,-34.46272
134272,亞洲經管企業創新,商業、管理及法律,3,17.124393,-29.477106
134282,亞洲經管行銷,商業、管理及法律,3,17.119581,-29.466944
134292,亞洲經管國企,商業、管理及法律,3,16.055756,-27.814074
134302,亞洲休閒餐旅,服務,10,19.66925,-23.890059
134322,亞洲會計資財,商業、管理及法律,3,10.371619,-29.92454
134332,亞洲會計資管,商業、管理及法律,3,10.280782,-29.911709
134342,亞洲財金投資理財,商業、管理及法律,3,13.858142,-31.023556
134362,亞洲財經法律科技法律,商業、管理及法律,3,9.36788,-15.162138
134372,亞洲財經法律財經法律,商業、管理及法律,3,9.395035,-14.854945
134382,亞洲外文應用,藝術及人文,1,9.143816,-23.262314
134392,亞洲外文商務溝通,藝術及人文,1,9.163249,-23.4063
134402,亞洲社會工作心理,醫藥衛生及社會福利,7,21.648054,-13.883067
134412,亞洲社會家庭社工,醫藥衛生及社會福利,7,21.849215,-14.9731455
134422,亞洲社工醫務長照,醫藥衛生及社會福利,7,21.661774,-14.519529
134432,亞洲幼兒教育幼文,教育,0,20.565357,-19.178453
134442,亞洲幼兒教育師資,教育,0,20.534498,-19.127234
134452,亞洲數位媒體動畫,藝術及人文,1,47.167416,3.975781
134462,亞洲數位媒體遊戲,藝術及人文,1,47.33648,2.8804488
134472,亞洲視覺傳達企業形象,藝術及人文,1,52.72299,5.717813
134482,亞洲視覺傳達視覺設計,藝術及人文,1,52.650368,5.7324276
134492,亞洲創意商品流行,藝術及人文,1,52.040546,1.7723637
134502,亞洲創意商品創意,藝術及人文,1,50.957157,4.2712812
134512,亞洲時尚設計服裝,藝術及人文,1,53.641148,1.6412449
134522,亞洲時尚設計精品,藝術及人文,1,52.85956,1.5867851
134532,亞洲室內設計商業,藝術及人文,1,46.382847,10.379681
134542,亞洲室內設計住宅,藝術及人文,1,46.659397,10.459558
134552,亞洲創意設計不分系,藝術及人文,1,48.09947,10.471584
150012,宜蘭外文,藝術及人文,1,0.5619824,16.179747
150022,宜蘭應用經管,商業、管理及法律,3,-18.436857,-0.46146575
150032,宜蘭休閒健康促進,服務,10,26.823133,11.610615
150042,宜蘭土木,工程、製造及營建,6,-33.583477,-25.79772
150052,宜蘭機械機電,工程、製造及營建,6,-47.177246,-19.890112
150062,宜蘭化工材工,工程、製造及營建,6,-53.161755,-12.915997
150072,宜蘭環境工程,工程、製造及營建,6,-35.5568,-32.689518
150082,宜蘭生物機電,工程、製造及營建,6,-48.093376,-20.117924
150092,宜蘭食品科學,工程、製造及營建,6,-56.232956,10.016285
150152,宜蘭資工,工程、製造及營建,6,-33.49722,-11.406674
151032,聯合土木防災,工程、製造及營建,6,-31.818584,-26.907074
151042,聯合材料科學工程,工程、製造及營建,6,-51.381268,-14.346081
151052,聯合環境安全衛生工,工程、製造及營建,6,-35.352177,-35.599133
151062,聯合能源工程,工程、製造及營建,6,-42.87169,-26.867325
151072,聯合建築,工程、製造及營建,6,44.589092,29.36146
151082,聯合工設,藝術及人文,1,43.159863,22.79136
151092,聯合電機,工程、製造及營建,6,-42.22618,-24.234621
151102,聯合電子工程,工程、製造及營建,6,-41.62965,-23.313114
151112,聯合光電工程,工程、製造及營建,6,-43.31577,-25.818653
151122,聯合資工,資訊通訊科技,5,-32.806637,-10.636717
151132,聯合經營管理,商業、管理及法律,3,-19.146013,-1.920042
151142,聯合資管,資訊通訊科技,5,-27.95708,-14.142612
151152,聯合財金,商業、管理及法律,3,-19.094694,-1.7372533
151162,聯合臺灣語文傳播,藝術及人文,1,19.154322,3.7278771
151172,聯合華語文學,藝術及人文,1,25.253962,25.030928
151182,聯合文化觀光產業,服務,10,20.04386,3.845567
151192,聯合文創數位,藝術及人文,1,30.444424,19.097155
152042,馬偕聽力語言治療聽力,醫藥衛生及社會福利,7,-65.1732,39.53641
152052,馬偕聽力語言治療語言,醫藥衛生及社會福利,7,-64.52759,40.02558
153012,金門應用英語,藝術及人文,1,-14.457663,-15.842609
153022,金門運動休閒,服務,10,28.07968,7.715446
153032,金門企業管理,商業、管理及法律,3,-14.495053,-15.791122
153042,金門電子工程,工程、製造及營建,6,-35.991512,-21.189638
153052,金門食品科學,工程、製造及營建,6,-56.793873,8.707258
153062,金門土木工管,工程、製造及營建,6,-31.083273,-26.54446
153072,金門觀光管理,服務,10,22.93569,10.335951
153082,金門資工,資訊通訊科技,5,-30.137543,-14.604002
153092,金門建築,工程、製造及營建,6,45.93894,27.72025
153102,金門國際大陸事務,社會科學、新聞學及圖書資訊,2,3.7636077,-8.091303
153112,金門華語文學,藝術及人文,1,25.311445,24.085016
153122,金門海洋邊境,商業、管理及法律,3,3.7446833,-8.08857
153132,金門工工,工程、製造及營建,6,-27.962143,-30.371494
153142,金門護理學,醫藥衛生及社會福利,7,-26.711721,0.7371014
153152,金門長照,醫藥衛生及社會福利,7,35.166515,-6.225132
153162,金門社會工作,醫藥衛生及社會福利,7,15.646846,12.950984
153172,金門都市計畫景觀,工程、製造及營建,6,2.4268584,-11.750907
153182,金門護理學(公費),醫藥衛生及社會福利,7,-25.638489,0.15630305
009462,東海法律,商業、管理及法律,3,-6.635803,34.704357
017162,文化地質,自然科學、數學及統計,4,-3.5270848,-46.257652
020402,輔仁法律,商業、管理及法律,3,-7.5537634,35.37683
020412,輔仁財經法律,商業、管理及法律,3,-7.9101176,35.469494
020422,輔仁企業管理,商業、管理及法律,3,-9.985866,3.1916695
020432,輔仁會計,商業、管理及法律,3,-14.262137,4.1410623
020442,輔仁資管,資訊通訊科技,5,-23.37292,-9.313557
020452,輔仁統計資訊,自然科學、數學及統計,4,-21.533585,-6.000434
020462,輔仁金融國企,商業、管理及法律,3,-11.338989,5.8068023
020472,輔仁社會,社會科學、新聞學及圖書資訊,2,13.128894,3.5161257
020482,輔仁社會工作,醫藥衛生及社會福利,7,12.488129,12.156633
020492,輔仁經濟,社會科學、新聞學及圖書資訊,2,-14.107717,-1.2538354
021042,海洋運輸B,服務,10,-27.279034,6.7962837
021182,海洋通訊導航,工程、製造及營建,6,-35.75044,5.452464
021192,海洋海洋觀光學程,商業、管理及法律,3,-24.442282,5.84425
021232,海洋海洋生物學程,自然科學、數學及統計,4,-49.193043,10.63087
021252,海洋海洋經營學程,商業、管理及法律,3,-24.515482,5.7877054
022192,高師美術,藝術及人文,1,60.819412,8.401376
022202,高師視覺設計,藝術及人文,1,56.649055,14.1787
022222,高師體育,教育,0,35.884407,10.947051
023012,彰師輔導諮商學校,社會科學、新聞學及圖書資訊,2,-2.4953372,28.473137
023022,彰師輔導諮商社區,社會科學、新聞學及圖書資訊,2,-2.834014,28.83357
023032,彰師特殊教育,教育,0,11.142154,27.480082
023042,彰師英語,藝術及人文,1,-1.3625481,20.107765
023052,彰師國文學,藝術及人文,1,20.736631,31.71725
023062,彰師地理,社會科學、新聞學及圖書資訊,2,7.7230663,38.242718
023072,彰師數學,自然科學、數學及統計,4,-30.558601,-4.7685084
023082,彰師物理物理,自然科學、數學及統計,4,-41.927666,25.453213
023092,彰師物理光電,自然科學、數學及統計,4,-42.026676,24.728884
025032,陽明牙醫,醫藥衛生及社會福利,7,-24.494648,77.61587
025042,陽明醫學生技暨檢驗,醫藥衛生及社會福利,7,-52.30098,46.147255
025052,陽明生醫放射,醫藥衛生及社會福利,7,-54.304756,44.95011
025062,陽明護理學,醫藥衛生及社會福利,7,-56.00789,40.830288
031072,中教特殊教育,教育,0,13.638138,25.324509
033112,臺南資工,資訊通訊科技,5,-37.248264,1.384719
033122,臺南電機,工程、製造及營建,6,-40.346367,3.6227734
033212,臺南視覺藝術設計,藝術及人文,1,62.971344,4.0181413
034392,東華音樂乙,藝術及人文,1,0.7673838,-57.040386
035172,北市大都會經營行銷,商業、管理及法律,3,5.206901,33.59581
035182,北市大衛生福利,醫藥衛生及社會福利,7,-61.131508,12.776256
035202,北市大視覺藝術,藝術及人文,1,57.344604,13.0049515
035212,北市大體育,教育,0,37.73595,6.3949103
035222,北市大休閒運動管理,服務,10,8.824579,-58.858795
036042,屏東教育輔導,教育,0,1.6005492,26.792538
036052,屏東中語文,藝術及人文,1,25.11361,25.700947
038062,臺東英美語文,藝術及人文,1,4.678497,14.131729
038072,臺東華語文學,藝術及人文,1,23.938313,19.204205
038082,臺東身心整合運動休閒,服務,10,25.231771,8.527789
038132,臺東應科奈米,自然科學、數學及統計,4,-41.673107,-37.54257
038142,臺東應科應物,自然科學、數學及統計,4,-41.409977,-37.600605
038152,臺東資工,工程、製造及營建,6,-25.494297,-17.82826
038162,臺東綠色資訊,資訊通訊科技,5,-40.203583,-37.858795
038182,臺東音樂〈原住民〉,藝術及人文,1,26.50737,4.041333
039062,國體球類運動,服務,10,7.2890587,-64.29395
040012,元智管理學士(企管),商業、管理及法律,3,-7.020785,-10.455402
040022,元智管理學士(財金),商業、管理及法律,3,-11.504308,-7.18983
040032,元智管理學士(國企),商業、管理及法律,3,-9.945201,-7.1637983
040042,元智管理學士(會計),商業、管理及法律,3,-16.396969,-6.0721602
040052,元智管理學士(英語),商業、管理及法律,3,-9.5979595,-7.347841
040062,元智應用外語,藝術及人文,1,0.8976128,10.251823
040072,元智中語文,藝術及人文,1,20.040474,-5.0141125
040082,元智社會政策科學,社會科學、新聞學及圖書資訊,2,13.661619,-12.379411
040092,元智人社學院英語,藝術及人文,1,3.3841064,-25.041973
040102,元智資訊傳播設計,資訊通訊科技,5,46.44557,5.4315186
040112,元智資訊傳播科技,資訊通訊科技,5,-0.94837034,-8.399261
040122,元智資管,資訊通訊科技,5,-23.549116,-12.537497
040132,元智資工,資訊通訊科技,5,-36.22626,-11.905601
040142,元智資訊學院學程,資訊通訊科技,5,-31.806662,-20.614988
040152,元智機械工程學,工程、製造及營建,6,-43.912968,-21.542889
040162,元智化工材科,工程、製造及營建,6,-55.52867,-13.369882
040172,元智工工,工程、製造及營建,6,-27.742641,-33.44994
040182,元智工程英語學程,工程、製造及營建,6,-31.931494,-21.685162
041152,中正資工,資訊通訊科技,5,-29.778776,33.957367
041162,中正電機,工程、製造及營建,6,-35.07233,38.23059
041192,中正通訊工程,工程、製造及營建,6,-28.62269,32.284885
041202,中正經濟,社會科學、新聞學及圖書資訊,2,-17.398016,33.133633
041212,中正財金,商業、管理及法律,3,-18.01668,35.693966
041222,中正企業管理,商業、管理及法律,3,-14.945978,38.024612
041232,中正會計資科,商業、管理及法律,3,-20.744299,36.190662
041242,中正資管,資訊通訊科技,5,-27.346361,33.2473
041252,中正法律法學,商業、管理及法律,3,-6.3429537,41.22653
041262,中正法律法制,商業、管理及法律,3,-6.388541,41.357426
041272,中正財經法律,商業、管理及法律,3,-6.6126513,40.303284
041282,中正成人教育,教育,0,0.09603325,31.522112
041292,中正犯罪防治,社會科學、新聞學及圖書資訊,2,-3.2938066,30.106348
041302,中正運動競技,服務,10,6.7894177,-62.40069
042272,大葉英語,藝術及人文,1,16.242083,-43.1253
042282,大葉文創人才學程,藝術及人文,1,44.053677,-40.694935
042292,大葉應用日語,藝術及人文,1,57.10102,-44.862392
042302,大葉歐洲旅遊學程(德語),藝術及人文,1,28.682405,-48.030853
042312,大葉歐洲旅遊學程(法語),藝術及人文,1,27.91075,-47.76933
042322,大葉歐洲旅遊學程(西班牙),藝術及人文,1,27.785084,-47.693745
042332,大葉生物產業(食品),自然科學、數學及統計,4,45.584606,-23.779207
042452,大葉休閒(創經),服務,10,35.40856,-47.392937
044122,華梵建築建築,工程、製造及營建,6,64.09518,-21.123123
044132,華梵建築室內,工程、製造及營建,6,64.17327,-20.72998
044142,華梵美術文創設計,藝術及人文,1,63.22058,-13.148785
044152,華梵美術文創創作,藝術及人文,1,63.839546,1.7251852
045012,義守電機,工程、製造及營建,6,55.20237,-29.764648
045022,義守電子工程,工程、製造及營建,6,54.62833,-29.497816
045112,義守工管,商業、管理及法律,3,44.892475,-38.612976
045122,義守資管,資訊通訊科技,5,45.79557,-34.181965
045132,義守企管企經,商業、管理及法律,3,23.682785,-28.95152
045142,義守企管行銷組,商業、管理及法律,3,22.250572,-28.838432
045152,義守財金財管,商業、管理及法律,3,24.720634,-32.287804
045162,義守財金管理,商業、管理及法律,3,26.36352,-32.355232
045172,義守會計財稅規劃,商業、管理及法律,3,20.442278,-32.20688
045182,義守會計管理應用,商業、管理及法律,3,21.245798,-32.919846
045192,義守國際商務,商業、管理及法律,3,24.263706,-36.54224
045422,義守電影電視編導製片,藝術及人文,1,8.881082,-35.110687
046012,銘傳企管品牌行銷（臺北）,商業、管理及法律,3,-5.058857,-15.18367
046022,銘傳企管企管（臺北）,商業、管理及法律,3,-4.3910217,-15.503127
046032,銘傳會計（臺北）,商業、管理及法律,3,-4.499043,-25.721888
046422,銘傳生科（桃園）,自然科學、數學及統計,4,-7.236268,-39.543995
046432,銘傳生醫（桃園）,工程、製造及營建,6,-7.756979,-38.868546
047012,世新新聞,社會科學、新聞學及圖書資訊,2,3.320408,2.6694157
047032,世新廣播電視,藝術及人文,1,-0.6543084,5.604879
047042,世新廣播電影,藝術及人文,1,-1.0231932,6.7037606
047052,世新圖文數位,社會科學、新聞學及圖書資訊,2,0.01133202,-0.35640272
047062,世新公關暨廣告,商業、管理及法律,3,0.39870852,1.6924855
047072,世新口語傳播,社會科學、新聞學及圖書資訊,2,2.0134175,3.5362327
047082,世新資訊傳播,社會科學、新聞學及圖書資訊,2,-1.7974472,-0.9310908
047092,世新數設動畫設計,藝術及人文,1,41.927433,17.389807
050152,實踐風險管理保險(臺北),商業、管理及法律,3,-2.9845479,-22.16809
050162,實踐資科管理(臺北),資訊通訊科技,5,-10.376677,-30.669737
050172,實踐應用外語(臺北),藝術及人文,1,2.1679704,-19.810045
050192,實踐會稅(高雄校區),商業、管理及法律,3,22.902203,-32.75526
050202,實踐會稅財富管理(高雄),商業、管理及法律,3,30.771563,-34.22587
050212,實踐會稅企業治理(高雄),商業、管理及法律,3,30.981415,-34.32923
050222,實踐資管手機軟體(高雄),資訊通訊科技,5,53.99098,-25.895815
050232,實踐資管數位金融(高雄),資訊通訊科技,5,34.161575,-34.12224
050242,實踐資管物聯網(高雄),資訊通訊科技,5,44.756535,-35.030407
050252,實踐金管(高雄),商業、管理及法律,3,23.9272,-32.54315
050262,實踐金管數位金融(高雄),商業、管理及法律,3,29.016792,-33.375793
050362,實踐資訊模擬設計(高雄),藝術及人文,1,52.654457,-8.818274
050372,實踐服飾設計經營(高雄),藝術及人文,1,54.598354,-0.5865251
050382,實踐應用英語(高雄),藝術及人文,1,14.377628,-37.79389
051012,長榮企管行銷,商業、管理及法律,3,23.11286,-28.822567
051022,長榮企管電子商務,商業、管理及法律,3,44.112442,-32.62865
051032,長榮企管產學合作,商業、管理及法律,3,38.364548,-48.152534
051042,長榮國企國際行銷,商業、管理及法律,3,27.202038,-36.079556
051052,長榮國企國易,商業、管理及法律,3,26.712914,-35.932774
051082,長榮會計資訊電腦,商業、管理及法律,3,19.346848,-34.9336
051092,長榮會計資訊稅務,商業、管理及法律,3,19.572218,-34.670067
051102,長榮航運管理,服務,10,25.59907,-26.68538
051112,長榮航運管理產學發展,服務,10,25.716833,-26.60833
051122,長榮土地管理土管,工程、製造及營建,6,38.062496,-31.734734
056012,臺藝圖文藝術,社會科學、新聞學及圖書資訊,2,4.4271936,50.587154
056022,臺藝廣播電視,社會科學、新聞學及圖書資訊,2,7.4903693,46.766064
056032,臺藝電影,藝術及人文,1,4.475667,48.46335
059072,南華管理國企學程,商業、管理及法律,3,34.079582,-43.237637
059082,南華生死社工,藝術及人文,1,24.567316,-50.660564
059092,南華生死殯葬,藝術及人文,1,25.066166,-50.021797
059102,南華生死諮商,藝術及人文,1,24.470526,-50.22157
059112,南華幼兒教育,教育,0,20.564013,-49.216335
059122,南華文學,藝術及人文,1,22.543217,-61.3769
099122,臺北經濟,社會科學、新聞學及圖書資訊,2,-17.622799,42.379498
099132,臺北社會,社會科學、新聞學及圖書資訊,2,-1.3086112,37.192436
099142,臺北社會工作,醫藥衛生及社會福利,7,-2.5696406,50.095257
099152,臺北中文,藝術及人文,1,17.175102,40.71152
100042,嘉義幼兒教育,教育,0,17.721764,19.164059
100082,嘉義外語教學,藝術及人文,1,1.3606749,18.853992
100092,嘉義外語應用,藝術及人文,1,1.2401367,18.2783
100102,嘉義企業管理,商業、管理及法律,3,-18.201633,13.897431
100202,嘉義動物科學,農業、林業、漁業及獸醫,9,-44.313633,20.77912
100212,嘉義生物農業,農業、林業、漁業及獸醫,9,-48.71821,5.193656
100222,嘉義景觀,工程、製造及營建,6,41.179173,25.473175
100292,嘉義土木水源,工程、製造及營建,6,-40.92525,-5.547266
110382,開南形象健康美容,藝術及人文,1,54.71489,-53.38547
111022,首府餐管,服務,10,44.929447,-48.97275
111032,首府觀光管理,服務,10,45.3738,-47.762543
111042,首府企業管理,商業、管理及法律,3,40.63985,-47.02792
111052,首府休閒管理,服務,10,44.627064,-46.39721
111062,首府飯店管理,服務,10,46.128338,-47.943176
112052,康寧休閒管理(臺南),服務,10,43.627514,-46.433624
112062,康寧企管(臺南),其他,8,40.356388,-47.303154
152012,馬偕醫學,醫藥衛生及社會福利,7,-18.946558,79.305695
152022,馬偕護理學,醫藥衛生及社會福利,7,-68.39162,33.38775
050272,實踐國企(高雄),商業、管理及法律,3,23.784847,-36.106106
050312,實踐行銷管理互創(高雄),商業、管理及法律,3,33.789608,-37.529957
050322,實踐行銷管理產創(高雄),商業、管理及法律,3,33.69967,-37.588196
050332,實踐資科通訊App(高雄),資訊通訊科技,5,54.24077,-25.790934
050342,實踐資科通訊多媒體(高雄),資訊通訊科技,5,55.687546,-24.419788
050352,實踐資科通訊智慧機器(高雄),資訊通訊科技,5,55.102474,-25.29799
050422,實踐休閒文化(高雄),服務,10,30.070312,-43.41072
050432,實踐休閒戶外運動(高雄),服務,10,30.769272,-44.27151
050442,實踐時尚設計(高雄),藝術及人文,1,54.47672,-0.49628183
051062,長榮國企產學,商業、管理及法律,3,27.981258,-36.1815
051072,長榮會計資訊,商業、管理及法律,3,20.59468,-33.611835
056042,臺藝戲劇,藝術及人文,1,6.7968745,22.899029
058122,暨南觀光餐旅餐管,服務,10,20.501911,12.873693
058132,暨南國際文教,教育,0,11.984006,17.731915
059042,南華文創管理行銷,商業、管理及法律,3,41.44268,-43.13871
112072,康寧應用外語英語(臺南),藝術及人文,1,17.117956,-42.706947
112082,康寧應用外語日語(臺南),藝術及人文,1,54.268967,-45.78358
130092,佛光資應學習數位,資訊通訊科技,5,23.489536,-69.79743
130102,佛光中文應用,藝術及人文,1,21.846867,-60.38655
130112,佛光歷史,藝術及人文,1,21.601175,-59.758896
130122,佛光外文,藝術及人文,1,12.41888,-45.37738
130132,佛光社會,社會科學、新聞學及圖書資訊,2,24.148909,-54.566372
130142,佛光心理,社會科學、新聞學及圖書資訊,2,23.070158,-53.38864
130152,佛光公共國際兩岸,商業、管理及法律,3,26.996555,-56.965378
130162,佛光公共政策行政,商業、管理及法律,3,27.513937,-56.73663
133052,明道休閒保健,服務,10,41.34347,-50.544724
133062,明道精緻農業,農業、林業、漁業及獸醫,9,49.286102,-44.63123
133072,明道資訊傳播,資訊通訊科技,5,27.852827,-62.318604
133082,明道材料能源,工程、製造及營建,6,52.640366,-38.069347
133102,明道時尚造形,藝術及人文,1,52.61261,-51.487373
133112,明道景觀環境,工程、製造及營建,6,49.45256,-44.652454
133122,明道中文學,藝術及人文,1,22.874432,-61.79869
133132,明道應用英語,藝術及人文,1,15.970154,-43.80975
133142,明道應用日語,藝術及人文,1,55.244045,-46.16502
134012,亞洲健康產管健康產管,醫藥衛生及社會福利,7,32.307995,-19.194832
134312,亞洲休閒旅遊,服務,10,18.537577,-23.816805
134352,亞洲財金科技,商業、管理及法律,3,14.187467,-31.403294
150102,宜蘭生物技術動科,農業、林業、漁業及獸醫,9,-51.36293,9.77883
150112,宜蘭森林資源,農業、林業、漁業及獸醫,9,-45.027958,12.695642
150122,宜蘭園藝,農業、林業、漁業及獸醫,9,-45.005714,12.605901
150132,宜蘭電機,工程、製造及營建,6,-46.76233,-19.771467
150142,宜蘭電子工程,工程、製造及營建,6,-41.48006,-20.4907
151012,聯合機械工程學,工程、製造及營建,6,-40.94963,-23.899387
151022,聯合化工,工程、製造及營建,6,-52.329113,-13.370921
